{
  "type": "FeatureCollection",
  "source": "Inneholder data fra DSB/Kartverket under NLOD",
  "fetched": "2026-10-08T08:37:49.600Z",
  "features": [
    {"type":"Feature","id":"brannstasjon.1","properties":{"id":"brannstasjon.1","brannstasjon":"Stranda","brannvesen":"Stranda og Fjord Brannvesen","stasjonstype":"H","kasernert":"IK","opphav":"DSB","informasjon":""},"geometry":{"type":"Point","coordinates":[6.929768,62.307352]}},
    {"type":"Feature","id":"brannstasjon.2","properties":{"id":"brannstasjon.2","brannstasjon":"Ølen","brannvesen":"Haugaland brann og redning IKS","stasjonstype":"H","kasernert":"IK","opphav":"DSB","informasjon":""},"geometry":{"type":"Point","coordinates":[5.815644,59.603391]}},
    {"type":"Feature","id":"brannstasjon.3","properties":{"id":"brannstasjon.3","brannstasjon":"Otta","brannvesen":"Sel, Vågå, Lom og Skjåk","stasjonstype":"H","kasernert":"IK","opphav":"DSB","informasjon":""},"geometry":{"type":"Point","coordinates":[9.534286,61.772243]}},
    {"type":"Feature","id":"brannstasjon.4","properties":{"id":"brannstasjon.4","brannstasjon":"Rindal","brannvesen":"Rindal brannvesen","stasjonstype":"H","kasernert":"IK","opphav":"DSB","informasjon":""},"geometry":{"type":"Point","coordinates":[9.214516,63.05687]}},
    {"type":"Feature","id":"brannstasjon.5","properties":{"id":"brannstasjon.5","brannstasjon":"Angvik","brannvesen":"Nordmøre og Romsdal brann og redning IKS","stasjonstype":"L","kasernert":"IK","opphav":"DSB","informasjon":""},"geometry":{"type":"Point","coordinates":[8.086133,62.889604]}},
    {"type":"Feature","id":"brannstasjon.6","properties":{"id":"brannstasjon.6","brannstasjon":"Modum","brannvesen":"Modum brannvesen","stasjonstype":"H","kasernert":"IK","opphav":"DSB","informasjon":""},"geometry":{"type":"Point","coordinates":[9.972209,59.94382]}},
    {"type":"Feature","id":"brannstasjon.7","properties":{"id":"brannstasjon.7","brannstasjon":"Kautokeino","brannvesen":"Brannvesenet i Kautokeino","stasjonstype":"H","kasernert":"IK","opphav":"DSB","informasjon":""},"geometry":{"type":"Point","coordinates":[23.048238,69.021785]}},
    {"type":"Feature","id":"brannstasjon.8","properties":{"id":"brannstasjon.8","brannstasjon":"Porsgrunn","brannvesen":"Grenland brann og redning IKS","stasjonstype":"H","kasernert":"DN","opphav":"DSB","informasjon":""},"geometry":{"type":"Point","coordinates":[9.629268,59.122151]}},
    {"type":"Feature","id":"brannstasjon.9","properties":{"id":"brannstasjon.9","brannstasjon":"Svolvær","brannvesen":"Vågan brannvesen","stasjonstype":"H","kasernert":"IK","opphav":"DSB","informasjon":""},"geometry":{"type":"Point","coordinates":[14.525346,68.232922]}},
    {"type":"Feature","id":"brannstasjon.10","properties":{"id":"brannstasjon.10","brannstasjon":"Halden","brannvesen":"Halden brannvesen","stasjonstype":"H","kasernert":"DN","opphav":"DSB","informasjon":""},"geometry":{"type":"Point","coordinates":[11.351085,59.12608]}},
    {"type":"Feature","id":"brannstasjon.11","properties":{"id":"brannstasjon.11","brannstasjon":"Larvik","brannvesen":"Sandefjord og Larvik","stasjonstype":"H","kasernert":"DN","opphav":"DSB","informasjon":""},"geometry":{"type":"Point","coordinates":[10.067087,59.057582]}},
    {"type":"Feature","id":"brannstasjon.12","properties":{"id":"brannstasjon.12","brannstasjon":"Eigersund","brannvesen":"Eigersund brannvesen","stasjonstype":"H","kasernert":"DA","opphav":"DSB","informasjon":""},"geometry":{"type":"Point","coordinates":[5.980181,58.459433]}},
    {"type":"Feature","id":"brannstasjon.13","properties":{"id":"brannstasjon.13","brannstasjon":"Øverbygd","brannvesen":"Senja brann og redning","stasjonstype":"L","kasernert":"DN","opphav":"DSB","informasjon":""},"geometry":{"type":"Point","coordinates":[19.2893,69.026195]}},
    {"type":"Feature","id":"brannstasjon.14","properties":{"id":"brannstasjon.14","brannstasjon":"Hammerfest","brannvesen":"Hammerfest brann og redning","stasjonstype":"H","kasernert":"DN","opphav":"DSB","informasjon":""},"geometry":{"type":"Point","coordinates":[23.67534,70.678298]}},
    {"type":"Feature","id":"brannstasjon.15","properties":{"id":"brannstasjon.15","brannstasjon":"Kirkenes","brannvesen":"Sør-Varanger brannvesen","stasjonstype":"H","kasernert":"DN","opphav":"DSB","informasjon":""},"geometry":{"type":"Point","coordinates":[30.057761,69.728227]}},
    {"type":"Feature","id":"brannstasjon.16","properties":{"id":"brannstasjon.16","brannstasjon":"Årdalstangen","brannvesen":"Årdal og Lærdal","stasjonstype":"L","kasernert":"IK","opphav":"DSB","informasjon":""},"geometry":{"type":"Point","coordinates":[7.704909,61.236455]}},
    {"type":"Feature","id":"brannstasjon.17","properties":{"id":"brannstasjon.17","brannstasjon":"Stokmarknes","brannvesen":"Hadsel brann og redning","stasjonstype":"H","kasernert":"IK","opphav":"DSB","informasjon":""},"geometry":{"type":"Point","coordinates":[14.91063,68.563892]}},
    {"type":"Feature","id":"brannstasjon.18","properties":{"id":"brannstasjon.18","brannstasjon":"Nes i Ådal","brannvesen":"Ringerike brann- og redningstjeneste","stasjonstype":"L","kasernert":"IK","opphav":"DSB","informasjon":""},"geometry":{"type":"Point","coordinates":[9.984188,60.566939]}},
    {"type":"Feature","id":"brannstasjon.19","properties":{"id":"brannstasjon.19","brannstasjon":"Hjelmeland","brannvesen":"Hjelmeland brannvesen","stasjonstype":"H","kasernert":"IK","opphav":"DSB","informasjon":""},"geometry":{"type":"Point","coordinates":[6.157508,59.231796]}},
    {"type":"Feature","id":"brannstasjon.20","properties":{"id":"brannstasjon.20","brannstasjon":"Leirvik","brannvesen":"Stord brann og redning","stasjonstype":"H","kasernert":"DA","opphav":"DSB","informasjon":""},"geometry":{"type":"Point","coordinates":[5.483841,59.779279]}},
    {"type":"Feature","id":"brannstasjon.21","properties":{"id":"brannstasjon.21","brannstasjon":"Syvde","brannvesen":"Vanylven Brannvern","stasjonstype":"L","kasernert":"IK","opphav":"DSB","informasjon":""},"geometry":{"type":"Point","coordinates":[5.726846,62.086994]}},
    {"type":"Feature","id":"brannstasjon.22","properties":{"id":"brannstasjon.22","brannstasjon":"Vartdal","brannvesen":"Ørsta brann og redning","stasjonstype":"L","kasernert":"IK","opphav":"DSB","informasjon":""},"geometry":{"type":"Point","coordinates":[6.089345,62.302808]}},
    {"type":"Feature","id":"brannstasjon.23","properties":{"id":"brannstasjon.23","brannstasjon":"Hellesylt","brannvesen":"Stranda og Fjord Brannvesen","stasjonstype":"L","kasernert":"IK","opphav":"DSB","informasjon":""},"geometry":{"type":"Point","coordinates":[6.854858,62.090269]}},
    {"type":"Feature","id":"brannstasjon.24","properties":{"id":"brannstasjon.24","brannstasjon":"Tomrefjord","brannvesen":"Vestnes Brannvesen","stasjonstype":"L","kasernert":"IK","opphav":"DSB","informasjon":""},"geometry":{"type":"Point","coordinates":[6.932719,62.583204]}},
    {"type":"Feature","id":"brannstasjon.25","properties":{"id":"brannstasjon.25","brannstasjon":"Røtet","brannvesen":"Surnadal brannvesen","stasjonstype":"H","kasernert":"IK","opphav":"DSB","informasjon":""},"geometry":{"type":"Point","coordinates":[8.653662,62.984702]}},
    {"type":"Feature","id":"brannstasjon.26","properties":{"id":"brannstasjon.26","brannstasjon":"Krokstadøra","brannvesen":"Brann og redning Orkland","stasjonstype":"H","kasernert":"IK","opphav":"DSB","informasjon":""},"geometry":{"type":"Point","coordinates":[9.532211,63.405486]}},
    {"type":"Feature","id":"brannstasjon.27","properties":{"id":"brannstasjon.27","brannstasjon":"Grovfjord","brannvesen":"Evenes og Tjeldsund brann og redning","stasjonstype":"L","kasernert":"IK","opphav":"DSB","informasjon":""},"geometry":{"type":"Point","coordinates":[17.121995,68.678559]}},
    {"type":"Feature","id":"brannstasjon.28","properties":{"id":"brannstasjon.28","brannstasjon":"Skibotn","brannvesen":"Lyngenfjord brann og redning","stasjonstype":"L","kasernert":"IK","opphav":"DSB","informasjon":""},"geometry":{"type":"Point","coordinates":[20.281761,69.387122]}},
    {"type":"Feature","id":"brannstasjon.29","properties":{"id":"brannstasjon.29","brannstasjon":"Vågåmo","brannvesen":"Sel, Vågå, Lom og Skjåk","stasjonstype":"H","kasernert":"IK","opphav":"DSB","informasjon":""},"geometry":{"type":"Point","coordinates":[9.105111,61.87324]}},
    {"type":"Feature","id":"brannstasjon.30","properties":{"id":"brannstasjon.30","brannstasjon":"Dokka","brannvesen":"Nordre og Søndre land","stasjonstype":"H","kasernert":"IK","opphav":"DSB","informasjon":""},"geometry":{"type":"Point","coordinates":[10.05397,60.841562]}},
    {"type":"Feature","id":"brannstasjon.31","properties":{"id":"brannstasjon.31","brannstasjon":"Jevnaker","brannvesen":"Jevnaker brann- og redning","stasjonstype":"H","kasernert":"IK","opphav":"DSB","informasjon":""},"geometry":{"type":"Point","coordinates":[10.386198,60.240737]}},
    {"type":"Feature","id":"brannstasjon.32","properties":{"id":"brannstasjon.32","brannstasjon":"Hvittingfoss","brannvesen":"Kongsberg brann- og redning","stasjonstype":"L","kasernert":"IK","opphav":"DSB","informasjon":""},"geometry":{"type":"Point","coordinates":[10.011941,59.487161]}},
    {"type":"Feature","id":"brannstasjon.33","properties":{"id":"brannstasjon.33","brannstasjon":"Sokndal","brannvesen":"Sokndal brann og redningsvesen","stasjonstype":"H","kasernert":"IK","opphav":"DSB","informasjon":""},"geometry":{"type":"Point","coordinates":[6.27016,58.351573]}},
    {"type":"Feature","id":"brannstasjon.34","properties":{"id":"brannstasjon.34","brannstasjon":"Jelsa","brannvesen":"Suldal brann og redning","stasjonstype":"L","kasernert":"IK","opphav":"DSB","informasjon":""},"geometry":{"type":"Point","coordinates":[6.034818,59.337545]}},
    {"type":"Feature","id":"brannstasjon.35","properties":{"id":"brannstasjon.35","brannstasjon":"Etne","brannvesen":"Etne brann og redning","stasjonstype":"L","kasernert":"IK","opphav":"DSB","informasjon":""},"geometry":{"type":"Point","coordinates":[5.944455,59.669453]}},
    {"type":"Feature","id":"brannstasjon.36","properties":{"id":"brannstasjon.36","brannstasjon":"Kalvåg","brannvesen":"Bremanger brannvern","stasjonstype":"L","kasernert":"IK","opphav":"DSB","informasjon":""},"geometry":{"type":"Point","coordinates":[4.876676,61.766682]}},
    {"type":"Feature","id":"brannstasjon.37","properties":{"id":"brannstasjon.37","brannstasjon":"Fiskå","brannvesen":"Vanylven Brannvern","stasjonstype":"H","kasernert":"IK","opphav":"DSB","informasjon":""},"geometry":{"type":"Point","coordinates":[5.553116,62.09825]}},
    {"type":"Feature","id":"brannstasjon.38","properties":{"id":"brannstasjon.38","brannstasjon":"Volda","brannvesen":"Volda brann og redning","stasjonstype":"H","kasernert":"IK","opphav":"DSB","informasjon":""},"geometry":{"type":"Point","coordinates":[6.0845,62.144726]}},
    {"type":"Feature","id":"brannstasjon.39","properties":{"id":"brannstasjon.39","brannstasjon":"Godøy","brannvesen":"Ålesund brannvesen KF","stasjonstype":"L","kasernert":"IK","opphav":"DSB","informasjon":""},"geometry":{"type":"Point","coordinates":[6.039298,62.47543]}},
    {"type":"Feature","id":"brannstasjon.40","properties":{"id":"brannstasjon.40","brannstasjon":"Helland","brannvesen":"Vestnes Brannvesen","stasjonstype":"H","kasernert":"IK","opphav":"DSB","informasjon":""},"geometry":{"type":"Point","coordinates":[7.089198,62.620399]}},
    {"type":"Feature","id":"brannstasjon.41","properties":{"id":"brannstasjon.41","brannstasjon":"Åndalsnes","brannvesen":"Nordmøre og Romsdal brann og redning IKS","stasjonstype":"H","kasernert":"IK","opphav":"DSB","informasjon":""},"geometry":{"type":"Point","coordinates":[7.678425,62.566535]}},
    {"type":"Feature","id":"brannstasjon.42","properties":{"id":"brannstasjon.42","brannstasjon":"Midsund","brannvesen":"Nordmøre og Romsdal brann og redning IKS","stasjonstype":"H","kasernert":"IK","opphav":"DSB","informasjon":""},"geometry":{"type":"Point","coordinates":[6.674916,62.690132]}},
    {"type":"Feature","id":"brannstasjon.43","properties":{"id":"brannstasjon.43","brannstasjon":"Sunde","brannvesen":"Brann og redning Orkland","stasjonstype":"L","kasernert":"IK","opphav":"DSB","informasjon":""},"geometry":{"type":"Point","coordinates":[9.206963,63.505565]}},
    {"type":"Feature","id":"brannstasjon.44","properties":{"id":"brannstasjon.44","brannstasjon":"Terråk","brannvesen":"Namsos brann og redning","stasjonstype":"H","kasernert":"IK","opphav":"DSB","informasjon":""},"geometry":{"type":"Point","coordinates":[12.373642,65.089247]}},
    {"type":"Feature","id":"brannstasjon.45","properties":{"id":"brannstasjon.45","brannstasjon":"Hamnvik","brannvesen":"Harstad brann og redning","stasjonstype":"H","kasernert":"IK","opphav":"DSB","informasjon":""},"geometry":{"type":"Point","coordinates":[17.169166,68.772394]}},
    {"type":"Feature","id":"brannstasjon.46","properties":{"id":"brannstasjon.46","brannstasjon":"Hatteng","brannvesen":"Lyngenfjord brann og redning","stasjonstype":"H","kasernert":"IK","opphav":"DSB","informasjon":""},"geometry":{"type":"Point","coordinates":[19.960445,69.268121]}},
    {"type":"Feature","id":"brannstasjon.47","properties":{"id":"brannstasjon.47","brannstasjon":"Notodden","brannvesen":"Notodden brannvesen","stasjonstype":"H","kasernert":"DN","opphav":"DSB","informasjon":""},"geometry":{"type":"Point","coordinates":[9.220679,59.564329]}},
    {"type":"Feature","id":"brannstasjon.48","properties":{"id":"brannstasjon.48","brannstasjon":"Jøsenfjord","brannvesen":"Hjelmeland brannvesen","stasjonstype":"L","kasernert":"IK","opphav":"DSB","informasjon":""},"geometry":{"type":"Point","coordinates":[6.451246,59.329574]}},
    {"type":"Feature","id":"brannstasjon.49","properties":{"id":"brannstasjon.49","brannstasjon":"Korsvegen","brannvesen":"Gauldal Brann og Redning IKS","stasjonstype":"L","kasernert":"IK","opphav":"DSB","informasjon":""},"geometry":{"type":"Point","coordinates":[10.101301,63.159692]}},
    {"type":"Feature","id":"brannstasjon.50","properties":{"id":"brannstasjon.50","brannstasjon":"Kvinlog","brannvesen":"Brannvesenet Sør IKS","stasjonstype":"L","kasernert":"IK","opphav":"DSB","informasjon":""},"geometry":{"type":"Point","coordinates":[6.934758,58.522359]}},
    {"type":"Feature","id":"brannstasjon.51","properties":{"id":"brannstasjon.51","brannstasjon":"Vegårshei","brannvesen":"Østre Agder Brannvesen","stasjonstype":"L","kasernert":"IK","opphav":"DSB","informasjon":""},"geometry":{"type":"Point","coordinates":[8.867825,58.748677]}},
    {"type":"Feature","id":"brannstasjon.52","properties":{"id":"brannstasjon.52","brannstasjon":"Skåbu","brannvesen":"Midt-Gudbrandsdal brannvesen","stasjonstype":"L","kasernert":"IK","opphav":"DSB","informasjon":""},"geometry":{"type":"Point","coordinates":[9.406138,61.523993]}},
    {"type":"Feature","id":"brannstasjon.53","properties":{"id":"brannstasjon.53","brannstasjon":"Eggedal","brannvesen":"Drammensregionens Brannvesen IKS","stasjonstype":"L","kasernert":"IK","opphav":"DSB","informasjon":""},"geometry":{"type":"Point","coordinates":[9.334947,60.247148]}},
    {"type":"Feature","id":"brannstasjon.54","properties":{"id":"brannstasjon.54","brannstasjon":"Kviteseid","brannvesen":"Vest-Telemark","stasjonstype":"H","kasernert":"IK","opphav":"DSB","informasjon":""},"geometry":{"type":"Point","coordinates":[8.467957,59.408417]}},
    {"type":"Feature","id":"brannstasjon.55","properties":{"id":"brannstasjon.55","brannstasjon":"Bodø","brannvesen":"Salten Brann IKS","stasjonstype":"H","kasernert":"DN","opphav":"DSB","informasjon":""},"geometry":{"type":"Point","coordinates":[14.425091,67.275668]}},
    {"type":"Feature","id":"brannstasjon.56","properties":{"id":"brannstasjon.56","brannstasjon":"Spangereid","brannvesen":"Brannvesenet Sør IKS","stasjonstype":"L","kasernert":"IK","opphav":"DSB","informasjon":""},"geometry":{"type":"Point","coordinates":[7.120018,58.037015]}},
    {"type":"Feature","id":"brannstasjon.57","properties":{"id":"brannstasjon.57","brannstasjon":"Rygge","brannvesen":"Mosseregionen","stasjonstype":"L","kasernert":"DN","opphav":"DSB","informasjon":""},"geometry":{"type":"Point","coordinates":[10.732005,59.394288]}},
    {"type":"Feature","id":"brannstasjon.58","properties":{"id":"brannstasjon.58","brannstasjon":"Øvre Eiker","brannvesen":"Drammensregionens Brannvesen IKS","stasjonstype":"L","kasernert":"IK","opphav":"DSB","informasjon":""},"geometry":{"type":"Point","coordinates":[9.898698,59.769963]}},
    {"type":"Feature","id":"brannstasjon.59","properties":{"id":"brannstasjon.59","brannstasjon":"Kvernevik","brannvesen":"Rogaland brann og redning IKS","stasjonstype":"H","kasernert":"DN","opphav":"DSB","informasjon":""},"geometry":{"type":"Point","coordinates":[5.614237,58.974746]}},
    {"type":"Feature","id":"brannstasjon.60","properties":{"id":"brannstasjon.60","brannstasjon":"Valle","brannvesen":"Setesdal Brannvesen IKS","stasjonstype":"L","kasernert":"IK","opphav":"DSB","informasjon":""},"geometry":{"type":"Point","coordinates":[7.538611,59.221676]}},
    {"type":"Feature","id":"brannstasjon.61","properties":{"id":"brannstasjon.61","brannstasjon":"Oppegård","brannvesen":"Follo brannvesen IKS","stasjonstype":"L","kasernert":"DN","opphav":"DSB","informasjon":""},"geometry":{"type":"Point","coordinates":[10.823167,59.795188]}},
    {"type":"Feature","id":"brannstasjon.62","properties":{"id":"brannstasjon.62","brannstasjon":"Lillehammer","brannvesen":"Lillehammer Region brannvesen","stasjonstype":"H","kasernert":"DN","opphav":"DSB","informasjon":""},"geometry":{"type":"Point","coordinates":[10.44592,61.130925]}},
    {"type":"Feature","id":"brannstasjon.63","properties":{"id":"brannstasjon.63","brannstasjon":"Risør","brannvesen":"Østre Agder Brannvesen","stasjonstype":"L","kasernert":"DA","opphav":"DSB","informasjon":""},"geometry":{"type":"Point","coordinates":[9.211234,58.718307]}},
    {"type":"Feature","id":"brannstasjon.64","properties":{"id":"brannstasjon.64","brannstasjon":"Søgne","brannvesen":"Kristiansandsregionen BR","stasjonstype":"L","kasernert":"IK","opphav":"DSB","informasjon":""},"geometry":{"type":"Point","coordinates":[7.802751,58.092484]}},
    {"type":"Feature","id":"brannstasjon.65","properties":{"id":"brannstasjon.65","brannstasjon":"Vinstra","brannvesen":"Midt-Gudbrandsdal brannvesen","stasjonstype":"L","kasernert":"IK","opphav":"DSB","informasjon":""},"geometry":{"type":"Point","coordinates":[9.76463,61.590603]}},
    {"type":"Feature","id":"brannstasjon.66","properties":{"id":"brannstasjon.66","brannstasjon":"Sylling","brannvesen":"Drammensregionens Brannvesen IKS","stasjonstype":"L","kasernert":"IK","opphav":"DSB","informasjon":""},"geometry":{"type":"Point","coordinates":[10.29134,59.893163]}},
    {"type":"Feature","id":"brannstasjon.67","properties":{"id":"brannstasjon.67","brannstasjon":"Byremo","brannvesen":"Brannvesenet Sør IKS","stasjonstype":"L","kasernert":"IK","opphav":"DSB","informasjon":""},"geometry":{"type":"Point","coordinates":[7.401936,58.421663]}},
    {"type":"Feature","id":"brannstasjon.68","properties":{"id":"brannstasjon.68","brannstasjon":"Soknedal","brannvesen":"Gauldal Brann og Redning IKS","stasjonstype":"L","kasernert":"IK","opphav":"DSB","informasjon":""},"geometry":{"type":"Point","coordinates":[10.190074,62.95017]}},
    {"type":"Feature","id":"brannstasjon.69","properties":{"id":"brannstasjon.69","brannstasjon":"Ål","brannvesen":"Hallingdal brann og redning","stasjonstype":"H","kasernert":"IK","opphav":"DSB","informasjon":""},"geometry":{"type":"Point","coordinates":[8.588209,60.638518]}},
    {"type":"Feature","id":"brannstasjon.70","properties":{"id":"brannstasjon.70","brannstasjon":"Lillesand","brannvesen":"Kristiansandsregionen BR","stasjonstype":"L","kasernert":"IK","opphav":"DSB","informasjon":""},"geometry":{"type":"Point","coordinates":[8.385254,58.259924]}},
    {"type":"Feature","id":"brannstasjon.71","properties":{"id":"brannstasjon.71","brannstasjon":"Åmli","brannvesen":"Østre Agder Brannvesen","stasjonstype":"L","kasernert":"IK","opphav":"DSB","informasjon":""},"geometry":{"type":"Point","coordinates":[8.483409,58.757569]}},
    {"type":"Feature","id":"brannstasjon.72","properties":{"id":"brannstasjon.72","brannstasjon":"Budal","brannvesen":"Gauldal Brann og Redning IKS","stasjonstype":"L","kasernert":"IK","opphav":"DSB","informasjon":""},"geometry":{"type":"Point","coordinates":[10.485085,62.883354]}},
    {"type":"Feature","id":"brannstasjon.73","properties":{"id":"brannstasjon.73","brannstasjon":"Singsås","brannvesen":"Gauldal Brann og Redning IKS","stasjonstype":"L","kasernert":"IK","opphav":"DSB","informasjon":""},"geometry":{"type":"Point","coordinates":[10.74471,62.95304]}},
    {"type":"Feature","id":"brannstasjon.74","properties":{"id":"brannstasjon.74","brannstasjon":"Rognan","brannvesen":"Salten Brann IKS","stasjonstype":"L","kasernert":"IK","opphav":"DSB","informasjon":""},"geometry":{"type":"Point","coordinates":[15.390403,67.092123]}},
    {"type":"Feature","id":"brannstasjon.75","properties":{"id":"brannstasjon.75","brannstasjon":"Leinesfjord","brannvesen":"Salten Brann IKS","stasjonstype":"L","kasernert":"IK","opphav":"DSB","informasjon":""},"geometry":{"type":"Point","coordinates":[15.05207,67.795244]}},
    {"type":"Feature","id":"brannstasjon.76","properties":{"id":"brannstasjon.76","brannstasjon":"Sørreisa","brannvesen":"Sørreisa og Dyrøy brannvesen","stasjonstype":"H","kasernert":"IK","opphav":"DSB","informasjon":""},"geometry":{"type":"Point","coordinates":[18.156141,69.154268]}},
    {"type":"Feature","id":"brannstasjon.77","properties":{"id":"brannstasjon.77","brannstasjon":"Gol","brannvesen":"Hallingdal brann og redning","stasjonstype":"L","kasernert":"IK","opphav":"DSB","informasjon":""},"geometry":{"type":"Point","coordinates":[8.938491,60.697068]}},
    {"type":"Feature","id":"brannstasjon.78","properties":{"id":"brannstasjon.78","brannstasjon":"Fossbergom","brannvesen":"Sel, Vågå, Lom og Skjåk","stasjonstype":"L","kasernert":"IK","opphav":"DSB","informasjon":""},"geometry":{"type":"Point","coordinates":[8.573658,61.842344]}},
    {"type":"Feature","id":"brannstasjon.79","properties":{"id":"brannstasjon.79","brannstasjon":"Hommelvik","brannvesen":"Trøndelag brann- og redningstjeneste IKS","stasjonstype":"L","kasernert":"IK","opphav":"DSB","informasjon":""},"geometry":{"type":"Point","coordinates":[10.803628,63.412203]}},
    {"type":"Feature","id":"brannstasjon.80","properties":{"id":"brannstasjon.80","brannstasjon":"Feiring","brannvesen":"Øvre Romerike brann og redning IKS","stasjonstype":"L","kasernert":"IK","opphav":"DSB","informasjon":""},"geometry":{"type":"Point","coordinates":[11.156939,60.490728]}},
    {"type":"Feature","id":"brannstasjon.81","properties":{"id":"brannstasjon.81","brannstasjon":"Nannestad","brannvesen":"Øvre Romerike brann og redning IKS","stasjonstype":"L","kasernert":"IK","opphav":"DSB","informasjon":""},"geometry":{"type":"Point","coordinates":[11.006501,60.225155]}},
    {"type":"Feature","id":"brannstasjon.82","properties":{"id":"brannstasjon.82","brannstasjon":"Bjoneroa","brannvesen":"Lunner og Gran brann og redning","stasjonstype":"L","kasernert":"IK","opphav":"DSB","informasjon":""},"geometry":{"type":"Point","coordinates":[10.296492,60.515079]}},
    {"type":"Feature","id":"brannstasjon.83","properties":{"id":"brannstasjon.83","brannstasjon":"Berkåk","brannvesen":"Trøndelag brann- og redningstjeneste IKS","stasjonstype":"L","kasernert":"IK","opphav":"DSB","informasjon":""},"geometry":{"type":"Point","coordinates":[10.012574,62.830538]}},
    {"type":"Feature","id":"brannstasjon.84","properties":{"id":"brannstasjon.84","brannstasjon":"Leksvik","brannvesen":"Trøndelag brann- og redningstjeneste IKS","stasjonstype":"L","kasernert":"IK","opphav":"DSB","informasjon":""},"geometry":{"type":"Point","coordinates":[10.616585,63.668148]}},
    {"type":"Feature","id":"brannstasjon.85","properties":{"id":"brannstasjon.85","brannstasjon":"Halsa","brannvesen":"Salten Brann IKS","stasjonstype":"L","kasernert":"IK","opphav":"DSB","informasjon":""},"geometry":{"type":"Point","coordinates":[13.539838,66.747306]}},
    {"type":"Feature","id":"brannstasjon.86","properties":{"id":"brannstasjon.86","brannstasjon":"Brøstadbotn","brannvesen":"Sørreisa og Dyrøy brannvesen","stasjonstype":"L","kasernert":"IK","opphav":"DSB","informasjon":""},"geometry":{"type":"Point","coordinates":[17.706976,69.092587]}},
    {"type":"Feature","id":"brannstasjon.87","properties":{"id":"brannstasjon.87","brannstasjon":"Bjugn","brannvesen":"Fosen Brann og Redningstjeneste IKS","stasjonstype":"L","kasernert":"IK","opphav":"DSB","informasjon":""},"geometry":{"type":"Point","coordinates":[9.822772,63.765258]}},
    {"type":"Feature","id":"brannstasjon.88","properties":{"id":"brannstasjon.88","brannstasjon":"Nittedal","brannvesen":"Nedre Romerike BR","stasjonstype":"L","kasernert":"DN","opphav":"DSB","informasjon":""},"geometry":{"type":"Point","coordinates":[10.880956,60.043347]}},
    {"type":"Feature","id":"brannstasjon.89","properties":{"id":"brannstasjon.89","brannstasjon":"Bjørkelangen","brannvesen":"Nedre Romerike BR","stasjonstype":"L","kasernert":"IK","opphav":"DSB","informasjon":""},"geometry":{"type":"Point","coordinates":[11.561701,59.886765]}},
    {"type":"Feature","id":"brannstasjon.90","properties":{"id":"brannstasjon.90","brannstasjon":"Ytterøy","brannvesen":"Levanger og Frosta","stasjonstype":"L","kasernert":"IK","opphav":"DSB","informasjon":""},"geometry":{"type":"Point","coordinates":[11.049827,63.769622]}},
    {"type":"Feature","id":"brannstasjon.91","properties":{"id":"brannstasjon.91","brannstasjon":"Krødsherad","brannvesen":"Drammensregionens Brannvesen IKS","stasjonstype":"L","kasernert":"IK","opphav":"DSB","informasjon":""},"geometry":{"type":"Point","coordinates":[9.621751,60.180595]}},
    {"type":"Feature","id":"brannstasjon.92","properties":{"id":"brannstasjon.92","brannstasjon":"Skedsmo","brannvesen":"Nedre Romerike BR","stasjonstype":"L","kasernert":"DN","opphav":"DSB","informasjon":""},"geometry":{"type":"Point","coordinates":[11.045166,59.997126]}},
    {"type":"Feature","id":"brannstasjon.93","properties":{"id":"brannstasjon.93","brannstasjon":"Skjønhaug","brannvesen":"Indre Østfold brann og redning IKS","stasjonstype":"H","kasernert":"IK","opphav":"DSB","informasjon":""},"geometry":{"type":"Point","coordinates":[11.315584,59.645462]}},
    {"type":"Feature","id":"brannstasjon.94","properties":{"id":"brannstasjon.94","brannstasjon":"Sørkjosen","brannvesen":"Nord-Troms brann og redning","stasjonstype":"H","kasernert":"IK","opphav":"DSB","informasjon":""},"geometry":{"type":"Point","coordinates":[20.942027,69.785624]}},
    {"type":"Feature","id":"brannstasjon.95","properties":{"id":"brannstasjon.95","brannstasjon":"Tennevoll","brannvesen":"Bardu brann og redning","stasjonstype":"L","kasernert":"IK","opphav":"DSB","informasjon":""},"geometry":{"type":"Point","coordinates":[17.80598,68.751369]}},
    {"type":"Feature","id":"brannstasjon.96","properties":{"id":"brannstasjon.96","brannstasjon":"Overhalla","brannvesen":"Namdal brann og redningsvesen","stasjonstype":"H","kasernert":"IK","opphav":"DSB","informasjon":""},"geometry":{"type":"Point","coordinates":[11.921381,64.49271]}},
    {"type":"Feature","id":"brannstasjon.97","properties":{"id":"brannstasjon.97","brannstasjon":"Flå","brannvesen":"Hallingdal brann og redning","stasjonstype":"L","kasernert":"IK","opphav":"DSB","informasjon":""},"geometry":{"type":"Point","coordinates":[9.459717,60.438638]}},
    {"type":"Feature","id":"brannstasjon.98","properties":{"id":"brannstasjon.98","brannstasjon":"Moss","brannvesen":"Mosseregionen","stasjonstype":"H","kasernert":"DN","opphav":"DSB","informasjon":""},"geometry":{"type":"Point","coordinates":[10.683007,59.442437]}},
    {"type":"Feature","id":"brannstasjon.99","properties":{"id":"brannstasjon.99","brannstasjon":"Sørvågen","brannvesen":"Lofoten brann- og redningsvesen","stasjonstype":"H","kasernert":"IK","opphav":"DSB","informasjon":""},"geometry":{"type":"Point","coordinates":[13.017339,67.889486]}},
    {"type":"Feature","id":"brannstasjon.100","properties":{"id":"brannstasjon.100","brannstasjon":"Duesund","brannvesen":"Gulen og Masfjorden brann og redning","stasjonstype":"L","kasernert":"IK","opphav":"DSB","informasjon":""},"geometry":{"type":"Point","coordinates":[5.310613,60.82103]}},
    {"type":"Feature","id":"brannstasjon.101","properties":{"id":"brannstasjon.101","brannstasjon":"Dalsøyra","brannvesen":"Gulen og Masfjorden brann og redning","stasjonstype":"L","kasernert":"IK","opphav":"DSB","informasjon":""},"geometry":{"type":"Point","coordinates":[5.146092,60.931791]}},
    {"type":"Feature","id":"brannstasjon.102","properties":{"id":"brannstasjon.102","brannstasjon":"Lindås","brannvesen":"Nordhordland brann og redning","stasjonstype":"L","kasernert":"IK","opphav":"DSB","informasjon":""},"geometry":{"type":"Point","coordinates":[5.161069,60.740209]}},
    {"type":"Feature","id":"brannstasjon.103","properties":{"id":"brannstasjon.103","brannstasjon":"Bjarkøy","brannvesen":"Harstad brann og redning","stasjonstype":"L","kasernert":"IK","opphav":"DSB","informasjon":""},"geometry":{"type":"Point","coordinates":[16.555142,68.997532]}},
    {"type":"Feature","id":"brannstasjon.104","properties":{"id":"brannstasjon.104","brannstasjon":"Berlevåg","brannvesen":"Berlevåg brannvesen","stasjonstype":"H","kasernert":"IK","opphav":"DSB","informasjon":""},"geometry":{"type":"Point","coordinates":[29.084861,70.858071]}},
    {"type":"Feature","id":"brannstasjon.105","properties":{"id":"brannstasjon.105","brannstasjon":"Grytøy","brannvesen":"Harstad brann og redning","stasjonstype":"L","kasernert":"IK","opphav":"DSB","informasjon":""},"geometry":{"type":"Point","coordinates":[16.570994,68.880076]}},
    {"type":"Feature","id":"brannstasjon.106","properties":{"id":"brannstasjon.106","brannstasjon":"Vigrestad","brannvesen":"Hå brannvesen","stasjonstype":"L","kasernert":"IK","opphav":"DSB","informasjon":""},"geometry":{"type":"Point","coordinates":[5.69206,58.570271]}},
    {"type":"Feature","id":"brannstasjon.107","properties":{"id":"brannstasjon.107","brannstasjon":"Nærbø","brannvesen":"Hå brannvesen","stasjonstype":"H","kasernert":"IK","opphav":"DSB","informasjon":""},"geometry":{"type":"Point","coordinates":[5.639949,58.66445]}},
    {"type":"Feature","id":"brannstasjon.108","properties":{"id":"brannstasjon.108","brannstasjon":"Mebonden","brannvesen":"Værnesregionen BR","stasjonstype":"H","kasernert":"IK","opphav":"DSB","informasjon":""},"geometry":{"type":"Point","coordinates":[11.037998,63.217306]}},
    {"type":"Feature","id":"brannstasjon.109","properties":{"id":"brannstasjon.109","brannstasjon":"Gjøvik","brannvesen":"Gjøvik og Vestre Toten","stasjonstype":"H","kasernert":"DN","opphav":"DSB","informasjon":""},"geometry":{"type":"Point","coordinates":[10.660717,60.78609]}},
    {"type":"Feature","id":"brannstasjon.110","properties":{"id":"brannstasjon.110","brannstasjon":"Ås","brannvesen":"Rørosregionen brann og redning","stasjonstype":"H","kasernert":"IK","opphav":"DSB","informasjon":""},"geometry":{"type":"Point","coordinates":[11.678515,63.03966]}},
    {"type":"Feature","id":"brannstasjon.111","properties":{"id":"brannstasjon.111","brannstasjon":"Sortland","brannvesen":"Sortland brann og redning","stasjonstype":"H","kasernert":"IK","opphav":"DSB","informasjon":""},"geometry":{"type":"Point","coordinates":[15.413812,68.688405]}},
    {"type":"Feature","id":"brannstasjon.112","properties":{"id":"brannstasjon.112","brannstasjon":"Austbygdi","brannvesen":"Tinn Brannvesen","stasjonstype":"L","kasernert":"IK","opphav":"DSB","informasjon":""},"geometry":{"type":"Point","coordinates":[8.815083,59.989695]}},
    {"type":"Feature","id":"brannstasjon.113","properties":{"id":"brannstasjon.113","brannstasjon":"Sauda","brannvesen":"Sauda brannvesen","stasjonstype":"H","kasernert":"IK","opphav":"DSB","informasjon":""},"geometry":{"type":"Point","coordinates":[6.353406,59.651113]}},
    {"type":"Feature","id":"brannstasjon.114","properties":{"id":"brannstasjon.114","brannstasjon":"Leka","brannvesen":"Namsos brann og redning","stasjonstype":"H","kasernert":"IK","opphav":"DSB","informasjon":""},"geometry":{"type":"Point","coordinates":[11.705141,65.091812]}},
    {"type":"Feature","id":"brannstasjon.115","properties":{"id":"brannstasjon.115","brannstasjon":"Sleneset","brannvesen":"Lurøy brannvesen","stasjonstype":"L","kasernert":"IK","opphav":"DSB","informasjon":""},"geometry":{"type":"Point","coordinates":[12.591346,66.363205]}},
    {"type":"Feature","id":"brannstasjon.116","properties":{"id":"brannstasjon.116","brannstasjon":"Osterøy","brannvesen":"Osterøy brann og redning","stasjonstype":"H","kasernert":"IK","opphav":"DSB","informasjon":""},"geometry":{"type":"Point","coordinates":[5.482162,60.49772]}},
    {"type":"Feature","id":"brannstasjon.117","properties":{"id":"brannstasjon.117","brannstasjon":"Nissedal","brannvesen":"Vest-Telemark","stasjonstype":"H","kasernert":"IK","opphav":"DSB","informasjon":""},"geometry":{"type":"Point","coordinates":[8.540519,59.008361]}},
    {"type":"Feature","id":"brannstasjon.118","properties":{"id":"brannstasjon.118","brannstasjon":"Seljord","brannvesen":"Vest-Telemark","stasjonstype":"H","kasernert":"IK","opphav":"DSB","informasjon":""},"geometry":{"type":"Point","coordinates":[8.627713,59.483754]}},
    {"type":"Feature","id":"brannstasjon.119","properties":{"id":"brannstasjon.119","brannstasjon":"Nøtterøy","brannvesen":"Vestfold Interkommunale Brannvesen IKS","stasjonstype":"L","kasernert":"DN","opphav":"DSB","informasjon":""},"geometry":{"type":"Point","coordinates":[10.408564,59.223679]}},
    {"type":"Feature","id":"brannstasjon.120","properties":{"id":"brannstasjon.120","brannstasjon":"Ulefoss","brannvesen":"Midt-Telemark Brann- og Redningstjeneste","stasjonstype":"H","kasernert":"IK","opphav":"DSB","informasjon":""},"geometry":{"type":"Point","coordinates":[9.263332,59.284424]}},
    {"type":"Feature","id":"brannstasjon.121","properties":{"id":"brannstasjon.121","brannstasjon":"Froland","brannvesen":"Østre Agder Brannvesen","stasjonstype":"L","kasernert":"IK","opphav":"DSB","informasjon":""},"geometry":{"type":"Point","coordinates":[8.625843,58.513354]}},
    {"type":"Feature","id":"brannstasjon.122","properties":{"id":"brannstasjon.122","brannstasjon":"Evje","brannvesen":"Setesdal Brannvesen IKS","stasjonstype":"H","kasernert":"IK","opphav":"DSB","informasjon":""},"geometry":{"type":"Point","coordinates":[7.783801,58.578715]}},
    {"type":"Feature","id":"brannstasjon.123","properties":{"id":"brannstasjon.123","brannstasjon":"Kjerringøy","brannvesen":"Salten Brann IKS","stasjonstype":"L","kasernert":"IK","opphav":"DSB","informasjon":""},"geometry":{"type":"Point","coordinates":[14.764509,67.520518]}},
    {"type":"Feature","id":"brannstasjon.124","properties":{"id":"brannstasjon.124","brannstasjon":"Lørenskog","brannvesen":"Nedre Romerike BR","stasjonstype":"H","kasernert":"DN","opphav":"DSB","informasjon":""},"geometry":{"type":"Point","coordinates":[10.984994,59.933283]}},
    {"type":"Feature","id":"brannstasjon.125","properties":{"id":"brannstasjon.125","brannstasjon":"Lystad","brannvesen":"Nedre Romerike BR","stasjonstype":"L","kasernert":"DN","opphav":"DSB","informasjon":""},"geometry":{"type":"Point","coordinates":[11.221626,59.968222]}},
    {"type":"Feature","id":"brannstasjon.126","properties":{"id":"brannstasjon.126","brannstasjon":"Verdal","brannvesen":"Brannvesenet Midt IKS","stasjonstype":"H","kasernert":"IK","opphav":"DSB","informasjon":""},"geometry":{"type":"Point","coordinates":[11.485892,63.788244]}},
    {"type":"Feature","id":"brannstasjon.127","properties":{"id":"brannstasjon.127","brannstasjon":"Hafslo","brannvesen":"Sogn brann og redning IKS","stasjonstype":"L","kasernert":"IK","opphav":"DSB","informasjon":""},"geometry":{"type":"Point","coordinates":[7.208014,61.316539]}},
    {"type":"Feature","id":"brannstasjon.128","properties":{"id":"brannstasjon.128","brannstasjon":"Ramsund","brannvesen":"Evenes og Tjeldsund brann og redning","stasjonstype":"H","kasernert":"IK","opphav":"DSB","informasjon":""},"geometry":{"type":"Point","coordinates":[16.507606,68.496902]}},
    {"type":"Feature","id":"brannstasjon.129","properties":{"id":"brannstasjon.129","brannstasjon":"Gladstad","brannvesen":"Brønnøy brann- og redningstjeneste","stasjonstype":"L","kasernert":"IK","opphav":"DSB","informasjon":""},"geometry":{"type":"Point","coordinates":[11.963283,65.673456]}},
    {"type":"Feature","id":"brannstasjon.130","properties":{"id":"brannstasjon.130","brannstasjon":"Byrknesøy","brannvesen":"Gulen og Masfjorden brann og redning","stasjonstype":"L","kasernert":"IK","opphav":"DSB","informasjon":""},"geometry":{"type":"Point","coordinates":[4.837721,60.897702]}},
    {"type":"Feature","id":"brannstasjon.131","properties":{"id":"brannstasjon.131","brannstasjon":"Tjørhom","brannvesen":"Sirdal brann -og redningsvesen","stasjonstype":"L","kasernert":"IK","opphav":"DSB","informasjon":""},"geometry":{"type":"Point","coordinates":[6.85535,58.901061]}},
    {"type":"Feature","id":"brannstasjon.132","properties":{"id":"brannstasjon.132","brannstasjon":"Tromsø","brannvesen":"Tromsø og Karlsøy","stasjonstype":"H","kasernert":"DN","opphav":"DSB","informasjon":""},"geometry":{"type":"Point","coordinates":[18.967313,69.658954]}},
    {"type":"Feature","id":"brannstasjon.133","properties":{"id":"brannstasjon.133","brannstasjon":"Dale","brannvesen":"Fjaler Brannvesen","stasjonstype":"H","kasernert":"IK","opphav":"DSB","informasjon":""},"geometry":{"type":"Point","coordinates":[5.400843,61.35649]}},
    {"type":"Feature","id":"brannstasjon.134","properties":{"id":"brannstasjon.134","brannstasjon":"Ålesund","brannvesen":"Ålesund brannvesen KF","stasjonstype":"H","kasernert":"DN","opphav":"DSB","informasjon":""},"geometry":{"type":"Point","coordinates":[6.196611,62.469721]}},
    {"type":"Feature","id":"brannstasjon.135","properties":{"id":"brannstasjon.135","brannstasjon":"Sagene","brannvesen":"Oslo brann- og redningsetat","stasjonstype":"L","kasernert":"DN","opphav":"DSB","informasjon":""},"geometry":{"type":"Point","coordinates":[10.76773,59.938645]}},
    {"type":"Feature","id":"brannstasjon.136","properties":{"id":"brannstasjon.136","brannstasjon":"Bokn","brannvesen":"Haugaland brann og redning IKS","stasjonstype":"H","kasernert":"IK","opphav":"DSB","informasjon":""},"geometry":{"type":"Point","coordinates":[5.450161,59.222082]}},
    {"type":"Feature","id":"brannstasjon.137","properties":{"id":"brannstasjon.137","brannstasjon":"Eidfjord","brannvesen":"Voss, Ulvik og Eidfjord","stasjonstype":"H","kasernert":"IK","opphav":"DSB","informasjon":""},"geometry":{"type":"Point","coordinates":[7.065335,60.462417]}},
    {"type":"Feature","id":"brannstasjon.138","properties":{"id":"brannstasjon.138","brannstasjon":"Straumsnes","brannvesen":"Nordmøre og Romsdal brann og redning IKS","stasjonstype":"L","kasernert":"IK","opphav":"DSB","informasjon":""},"geometry":{"type":"Point","coordinates":[7.967537,63.011512]}},
    {"type":"Feature","id":"brannstasjon.139","properties":{"id":"brannstasjon.139","brannstasjon":"Tana bru","brannvesen":"Tana brannvesen","stasjonstype":"H","kasernert":"IK","opphav":"DSB","informasjon":""},"geometry":{"type":"Point","coordinates":[28.175217,70.200387]}},
    {"type":"Feature","id":"brannstasjon.140","properties":{"id":"brannstasjon.140","brannstasjon":"Hølonda","brannvesen":"Gauldal Brann og Redning IKS","stasjonstype":"L","kasernert":"IK","opphav":"DSB","informasjon":""},"geometry":{"type":"Point","coordinates":[9.993068,63.112756]}},
    {"type":"Feature","id":"brannstasjon.141","properties":{"id":"brannstasjon.141","brannstasjon":"Birkeland","brannvesen":"Brannvesenet Sør IKS","stasjonstype":"L","kasernert":"IK","opphav":"DSB","informasjon":""},"geometry":{"type":"Point","coordinates":[7.223754,58.375404]}},
    {"type":"Feature","id":"brannstasjon.142","properties":{"id":"brannstasjon.142","brannstasjon":"Iveland","brannvesen":"Setesdal Brannvesen IKS","stasjonstype":"L","kasernert":"IK","opphav":"DSB","informasjon":""},"geometry":{"type":"Point","coordinates":[7.916167,58.453284]}},
    {"type":"Feature","id":"brannstasjon.143","properties":{"id":"brannstasjon.143","brannstasjon":"Fitjar","brannvesen":"Fitjar brannvesen","stasjonstype":"H","kasernert":"IK","opphav":"DSB","informasjon":""},"geometry":{"type":"Point","coordinates":[5.323301,59.919599]}},
    {"type":"Feature","id":"brannstasjon.144","properties":{"id":"brannstasjon.144","brannstasjon":"Stangeland","brannvesen":"Rogaland brann og redning IKS","stasjonstype":"H","kasernert":"DN","opphav":"DSB","informasjon":""},"geometry":{"type":"Point","coordinates":[5.707977,58.856559]}},
    {"type":"Feature","id":"brannstasjon.145","properties":{"id":"brannstasjon.145","brannstasjon":"Vik","brannvesen":"Sogn brann og redning IKS","stasjonstype":"H","kasernert":"IK","opphav":"DSB","informasjon":""},"geometry":{"type":"Point","coordinates":[6.585208,61.087163]}},
    {"type":"Feature","id":"brannstasjon.146","properties":{"id":"brannstasjon.146","brannstasjon":"Leikanger","brannvesen":"Sogn brann og redning IKS","stasjonstype":"H","kasernert":"IK","opphav":"DSB","informasjon":""},"geometry":{"type":"Point","coordinates":[6.856042,61.184664]}},
    {"type":"Feature","id":"brannstasjon.147","properties":{"id":"brannstasjon.147","brannstasjon":"Stokksund","brannvesen":"Fosen Brann og Redningstjeneste IKS","stasjonstype":"L","kasernert":"IK","opphav":"DSB","informasjon":""},"geometry":{"type":"Point","coordinates":[10.080504,64.027328]}},
    {"type":"Feature","id":"brannstasjon.148","properties":{"id":"brannstasjon.148","brannstasjon":"Manndalen","brannvesen":"Lyngenfjord brann og redning","stasjonstype":"L","kasernert":"IK","opphav":"DSB","informasjon":""},"geometry":{"type":"Point","coordinates":[20.536395,69.542482]}},
    {"type":"Feature","id":"brannstasjon.149","properties":{"id":"brannstasjon.149","brannstasjon":"Korsegården","brannvesen":"Follo brannvesen IKS","stasjonstype":"H","kasernert":"DN","opphav":"DSB","informasjon":""},"geometry":{"type":"Point","coordinates":[10.725658,59.660066]}},
    {"type":"Feature","id":"brannstasjon.150","properties":{"id":"brannstasjon.150","brannstasjon":"Skogsskiftet","brannvesen":"Øygarden brann og redning KF","stasjonstype":"L","kasernert":"IK","opphav":"DSB","informasjon":""},"geometry":{"type":"Point","coordinates":[5.08044,60.264283]}},
    {"type":"Feature","id":"brannstasjon.151","properties":{"id":"brannstasjon.151","brannstasjon":"Malm","brannvesen":"Brannvesenet Midt IKS","stasjonstype":"L","kasernert":"IK","opphav":"DSB","informasjon":""},"geometry":{"type":"Point","coordinates":[11.220542,64.065809]}},
    {"type":"Feature","id":"brannstasjon.152","properties":{"id":"brannstasjon.152","brannstasjon":"Sulitjelma","brannvesen":"Salten Brann IKS","stasjonstype":"L","kasernert":"IK","opphav":"DSB","informasjon":""},"geometry":{"type":"Point","coordinates":[16.083172,67.130858]}},
    {"type":"Feature","id":"brannstasjon.153","properties":{"id":"brannstasjon.153","brannstasjon":"Rissa","brannvesen":"Trøndelag brann- og redningstjeneste IKS","stasjonstype":"L","kasernert":"IK","opphav":"DSB","informasjon":""},"geometry":{"type":"Point","coordinates":[9.955096,63.584168]}},
    {"type":"Feature","id":"brannstasjon.154","properties":{"id":"brannstasjon.154","brannstasjon":"Oppdal","brannvesen":"Trøndelag brann- og redningstjeneste IKS","stasjonstype":"L","kasernert":"IK","opphav":"DSB","informasjon":""},"geometry":{"type":"Point","coordinates":[9.683565,62.592976]}},
    {"type":"Feature","id":"brannstasjon.155","properties":{"id":"brannstasjon.155","brannstasjon":"Tingvoll","brannvesen":"Nordmøre og Romsdal brann og redning IKS","stasjonstype":"H","kasernert":"IK","opphav":"DSB","informasjon":""},"geometry":{"type":"Point","coordinates":[8.205472,62.911852]}},
    {"type":"Feature","id":"brannstasjon.156","properties":{"id":"brannstasjon.156","brannstasjon":"Langevåg","brannvesen":"Ålesund brannvesen KF","stasjonstype":"H","kasernert":"IK","opphav":"DSB","informasjon":""},"geometry":{"type":"Point","coordinates":[6.200061,62.440244]}},
    {"type":"Feature","id":"brannstasjon.157","properties":{"id":"brannstasjon.157","brannstasjon":"Hundorp","brannvesen":"Midt-Gudbrandsdal brannvesen","stasjonstype":"L","kasernert":"IK","opphav":"DSB","informasjon":""},"geometry":{"type":"Point","coordinates":[9.913038,61.566496]}},
    {"type":"Feature","id":"brannstasjon.158","properties":{"id":"brannstasjon.158","brannstasjon":"Haugesund","brannvesen":"Haugesund brannvesen","stasjonstype":"H","kasernert":"DN","opphav":"DSB","informasjon":""},"geometry":{"type":"Point","coordinates":[5.293007,59.404079]}},
    {"type":"Feature","id":"brannstasjon.159","properties":{"id":"brannstasjon.159","brannstasjon":"Hurdal","brannvesen":"Øvre Romerike brann og redning IKS","stasjonstype":"L","kasernert":"IK","opphav":"DSB","informasjon":""},"geometry":{"type":"Point","coordinates":[11.063976,60.435497]}},
    {"type":"Feature","id":"brannstasjon.160","properties":{"id":"brannstasjon.160","brannstasjon":"Skrova","brannvesen":"Vågan brannvesen","stasjonstype":"L","kasernert":"IK","opphav":"DSB","informasjon":""},"geometry":{"type":"Point","coordinates":[14.663269,68.16764]}},
    {"type":"Feature","id":"brannstasjon.161","properties":{"id":"brannstasjon.161","brannstasjon":"Skiftun","brannvesen":"Hjelmeland brannvesen","stasjonstype":"L","kasernert":"IK","opphav":"DSB","informasjon":""},"geometry":{"type":"Point","coordinates":[6.145322,59.28053]}},
    {"type":"Feature","id":"brannstasjon.162","properties":{"id":"brannstasjon.162","brannstasjon":"Skånevik","brannvesen":"Etne brann og redning","stasjonstype":"L","kasernert":"IK","opphav":"DSB","informasjon":""},"geometry":{"type":"Point","coordinates":[5.9359,59.7288]}},
    {"type":"Feature","id":"brannstasjon.163","properties":{"id":"brannstasjon.163","brannstasjon":"Suldalsosen","brannvesen":"Suldal brann og redning","stasjonstype":"L","kasernert":"IK","opphav":"DSB","informasjon":""},"geometry":{"type":"Point","coordinates":[6.495353,59.490206]}},
    {"type":"Feature","id":"brannstasjon.164","properties":{"id":"brannstasjon.164","brannstasjon":"Haugland","brannvesen":"Askøy Brann og Redning","stasjonstype":"H","kasernert":"DN","opphav":"DSB","informasjon":""},"geometry":{"type":"Point","coordinates":[5.169902,60.445477]}},
    {"type":"Feature","id":"brannstasjon.165","properties":{"id":"brannstasjon.165","brannstasjon":"Røyrvik","brannvesen":"Brannvesenet Midt IKS","stasjonstype":"L","kasernert":"IK","opphav":"DSB","informasjon":""},"geometry":{"type":"Point","coordinates":[13.563149,64.883306]}},
    {"type":"Feature","id":"brannstasjon.166","properties":{"id":"brannstasjon.166","brannstasjon":"Rauland","brannvesen":"Vest-Telemark","stasjonstype":"H","kasernert":"IK","opphav":"DSB","informasjon":""},"geometry":{"type":"Point","coordinates":[8.064543,59.691625]}},
    {"type":"Feature","id":"brannstasjon.167","properties":{"id":"brannstasjon.167","brannstasjon":"Sandeid","brannvesen":"Haugaland brann og redning IKS","stasjonstype":"H","kasernert":"IK","opphav":"DSB","informasjon":""},"geometry":{"type":"Point","coordinates":[5.866591,59.544022]}},
    {"type":"Feature","id":"brannstasjon.168","properties":{"id":"brannstasjon.168","brannstasjon":"Nyhavna","brannvesen":"Trøndelag brann- og redningstjeneste IKS","stasjonstype":"H","kasernert":"DN","opphav":"DSB","informasjon":""},"geometry":{"type":"Point","coordinates":[10.412178,63.437935]}},
    {"type":"Feature","id":"brannstasjon.169","properties":{"id":"brannstasjon.169","brannstasjon":"Trondheim hovedbrannstasjon","brannvesen":"Trøndelag brann- og redningstjeneste IKS","stasjonstype":"H","kasernert":"DN","opphav":"DSB","informasjon":""},"geometry":{"type":"Point","coordinates":[10.390856,63.39699]}},
    {"type":"Feature","id":"brannstasjon.170","properties":{"id":"brannstasjon.170","brannstasjon":"Stokke","brannvesen":"Sandefjord og Larvik","stasjonstype":"L","kasernert":"IK","opphav":"DSB","informasjon":""},"geometry":{"type":"Point","coordinates":[10.30625,59.222511]}},
    {"type":"Feature","id":"brannstasjon.171","properties":{"id":"brannstasjon.171","brannstasjon":"Vossestrand","brannvesen":"Voss, Ulvik og Eidfjord","stasjonstype":"L","kasernert":"IK","opphav":"DSB","informasjon":""},"geometry":{"type":"Point","coordinates":[6.507947,60.791423]}},
    {"type":"Feature","id":"brannstasjon.172","properties":{"id":"brannstasjon.172","brannstasjon":"Flekkefjord","brannvesen":"Flekkefjord brannvesen","stasjonstype":"H","kasernert":"DN","opphav":"DSB","informasjon":""},"geometry":{"type":"Point","coordinates":[6.663337,58.297709]}},
    {"type":"Feature","id":"brannstasjon.173","properties":{"id":"brannstasjon.173","brannstasjon":"Harstad","brannvesen":"Harstad brann og redning","stasjonstype":"H","kasernert":"DN","opphav":"DSB","informasjon":""},"geometry":{"type":"Point","coordinates":[16.55097,68.78201]}},
    {"type":"Feature","id":"brannstasjon.174","properties":{"id":"brannstasjon.174","brannstasjon":"Mastrevik","brannvesen":"Nordhordland brann og redning","stasjonstype":"H","kasernert":"IK","opphav":"DSB","informasjon":""},"geometry":{"type":"Point","coordinates":[4.931361,60.784407]}},
    {"type":"Feature","id":"brannstasjon.175","properties":{"id":"brannstasjon.175","brannstasjon":"Bindalseidet","brannvesen":"Namsos brann og redning","stasjonstype":"L","kasernert":"IK","opphav":"DSB","informasjon":""},"geometry":{"type":"Point","coordinates":[12.218149,65.127717]}},
    {"type":"Feature","id":"brannstasjon.176","properties":{"id":"brannstasjon.176","brannstasjon":"Rena","brannvesen":"Åmot brann og redningsvesen","stasjonstype":"H","kasernert":"IK","opphav":"DSB","informasjon":""},"geometry":{"type":"Point","coordinates":[11.369993,61.129718]}},
    {"type":"Feature","id":"brannstasjon.177","properties":{"id":"brannstasjon.177","brannstasjon":"Nore og Uvdal","brannvesen":"Nore og Uvdal brannvesen","stasjonstype":"H","kasernert":"IK","opphav":"DSB","informasjon":""},"geometry":{"type":"Point","coordinates":[8.950639,60.267806]}},
    {"type":"Feature","id":"brannstasjon.178","properties":{"id":"brannstasjon.178","brannstasjon":"Drangedal","brannvesen":"Grenland brann og redning IKS","stasjonstype":"H","kasernert":"IK","opphav":"DSB","informasjon":""},"geometry":{"type":"Point","coordinates":[9.062011,59.102233]}},
    {"type":"Feature","id":"brannstasjon.179","properties":{"id":"brannstasjon.179","brannstasjon":"Grimstad","brannvesen":"Grimstad brann- og feiertjenesten","stasjonstype":"H","kasernert":"DA","opphav":"DSB","informasjon":""},"geometry":{"type":"Point","coordinates":[8.598329,58.345774]}},
    {"type":"Feature","id":"brannstasjon.180","properties":{"id":"brannstasjon.180","brannstasjon":"Tysse","brannvesen":"Samnanger brannvesen","stasjonstype":"H","kasernert":"IK","opphav":"DSB","informasjon":""},"geometry":{"type":"Point","coordinates":[5.764749,60.37988]}},
    {"type":"Feature","id":"brannstasjon.181","properties":{"id":"brannstasjon.181","brannstasjon":"Dalekvam","brannvesen":"Vaksdal brannvern","stasjonstype":"H","kasernert":"IK","opphav":"DSB","informasjon":""},"geometry":{"type":"Point","coordinates":[5.822449,60.590415]}},
    {"type":"Feature","id":"brannstasjon.182","properties":{"id":"brannstasjon.182","brannstasjon":"Høyanger","brannvesen":"Høyanger brannvesen","stasjonstype":"H","kasernert":"IK","opphav":"DSB","informasjon":""},"geometry":{"type":"Point","coordinates":[6.069856,61.217224]}},
    {"type":"Feature","id":"brannstasjon.183","properties":{"id":"brannstasjon.183","brannstasjon":"Røst","brannvesen":"Røst brann- og redningsvesen","stasjonstype":"H","kasernert":"IK","opphav":"DSB","informasjon":""},"geometry":{"type":"Point","coordinates":[12.108082,67.52636]}},
    {"type":"Feature","id":"brannstasjon.184","properties":{"id":"brannstasjon.184","brannstasjon":"Lovund","brannvesen":"Lurøy brannvesen","stasjonstype":"L","kasernert":"IK","opphav":"DSB","informasjon":""},"geometry":{"type":"Point","coordinates":[12.356944,66.365176]}},
    {"type":"Feature","id":"brannstasjon.185","properties":{"id":"brannstasjon.185","brannstasjon":"Geilo","brannvesen":"Hol brann og redning","stasjonstype":"H","kasernert":"IK","opphav":"DSB","informasjon":""},"geometry":{"type":"Point","coordinates":[8.210024,60.529028]}},
    {"type":"Feature","id":"brannstasjon.186","properties":{"id":"brannstasjon.186","brannstasjon":"Mehamn","brannvesen":"Gamvik brannvesen","stasjonstype":"H","kasernert":"IK","opphav":"DSB","informasjon":""},"geometry":{"type":"Point","coordinates":[27.852299,71.037964]}},
    {"type":"Feature","id":"brannstasjon.187","properties":{"id":"brannstasjon.187","brannstasjon":"Veggli","brannvesen":"Rollag Brannvesen","stasjonstype":"H","kasernert":"IK","opphav":"DSB","informasjon":""},"geometry":{"type":"Point","coordinates":[9.168323,60.038475]}},
    {"type":"Feature","id":"brannstasjon.188","properties":{"id":"brannstasjon.188","brannstasjon":"Meråker","brannvesen":"Værnesregionen BR","stasjonstype":"H","kasernert":"IK","opphav":"DSB","informasjon":""},"geometry":{"type":"Point","coordinates":[11.733893,63.42307]}},
    {"type":"Feature","id":"brannstasjon.189","properties":{"id":"brannstasjon.189","brannstasjon":"Onøy","brannvesen":"Lurøy brannvesen","stasjonstype":"H","kasernert":"IK","opphav":"DSB","informasjon":""},"geometry":{"type":"Point","coordinates":[12.863529,66.399704]}},
    {"type":"Feature","id":"brannstasjon.190","properties":{"id":"brannstasjon.190","brannstasjon":"Havøysund","brannvesen":"Måsøy brann og redning","stasjonstype":"H","kasernert":"IK","opphav":"DSB","informasjon":""},"geometry":{"type":"Point","coordinates":[24.661119,70.996864]}},
    {"type":"Feature","id":"brannstasjon.191","properties":{"id":"brannstasjon.191","brannstasjon":"Båtsfjord","brannvesen":"Båtsfjord Brannvesen","stasjonstype":"H","kasernert":"IK","opphav":"DSB","informasjon":""},"geometry":{"type":"Point","coordinates":[29.720935,70.63507]}},
    {"type":"Feature","id":"brannstasjon.192","properties":{"id":"brannstasjon.192","brannstasjon":"Spjelkavik","brannvesen":"Ålesund brannvesen KF","stasjonstype":"L","kasernert":"DN","opphav":"DSB","informasjon":""},"geometry":{"type":"Point","coordinates":[6.364787,62.462155]}},
    {"type":"Feature","id":"brannstasjon.193","properties":{"id":"brannstasjon.193","brannstasjon":"Stordal","brannvesen":"Stranda og Fjord Brannvesen","stasjonstype":"H","kasernert":"IK","opphav":"DSB","informasjon":""},"geometry":{"type":"Point","coordinates":[7.005923,62.382846]}},
    {"type":"Feature","id":"brannstasjon.194","properties":{"id":"brannstasjon.194","brannstasjon":"Stjørdal","brannvesen":"Værnesregionen BR","stasjonstype":"L","kasernert":"DA","opphav":"DSB","informasjon":""},"geometry":{"type":"Point","coordinates":[10.918312,63.467266]}},
    {"type":"Feature","id":"brannstasjon.195","properties":{"id":"brannstasjon.195","brannstasjon":"Straume","brannvesen":"Bø brannvesen","stasjonstype":"H","kasernert":"IK","opphav":"DSB","informasjon":""},"geometry":{"type":"Point","coordinates":[14.471629,68.688785]}},
    {"type":"Feature","id":"brannstasjon.196","properties":{"id":"brannstasjon.196","brannstasjon":"Andenes","brannvesen":"Andøy brannvesen","stasjonstype":"H","kasernert":"IK","opphav":"DSB","informasjon":""},"geometry":{"type":"Point","coordinates":[16.095854,69.309993]}},
    {"type":"Feature","id":"brannstasjon.197","properties":{"id":"brannstasjon.197","brannstasjon":"Nordskag","brannvesen":"Trøndelag brann- og redningstjeneste IKS","stasjonstype":"L","kasernert":"IK","opphav":"DSB","informasjon":""},"geometry":{"type":"Point","coordinates":[8.56506,63.702776]}},
    {"type":"Feature","id":"brannstasjon.198","properties":{"id":"brannstasjon.198","brannstasjon":"Rakkestad","brannvesen":"Rakkestad brannvesen","stasjonstype":"H","kasernert":"IK","opphav":"DSB","informasjon":""},"geometry":{"type":"Point","coordinates":[11.343352,59.428298]}},
    {"type":"Feature","id":"brannstasjon.199","properties":{"id":"brannstasjon.199","brannstasjon":"Arna","brannvesen":"Bergen brannvesen","stasjonstype":"L","kasernert":"DN","opphav":"DSB","informasjon":""},"geometry":{"type":"Point","coordinates":[5.46948,60.429036]}},
    {"type":"Feature","id":"brannstasjon.200","properties":{"id":"brannstasjon.200","brannstasjon":"Laksevåg","brannvesen":"Bergen brannvesen","stasjonstype":"L","kasernert":"DN","opphav":"DSB","informasjon":""},"geometry":{"type":"Point","coordinates":[5.244291,60.353174]}},
    {"type":"Feature","id":"brannstasjon.201","properties":{"id":"brannstasjon.201","brannstasjon":"Sandviken","brannvesen":"Bergen brannvesen","stasjonstype":"L","kasernert":"DN","opphav":"DSB","informasjon":""},"geometry":{"type":"Point","coordinates":[5.324115,60.406014]}},
    {"type":"Feature","id":"brannstasjon.202","properties":{"id":"brannstasjon.202","brannstasjon":"Åsane","brannvesen":"Bergen brannvesen","stasjonstype":"L","kasernert":"DN","opphav":"DSB","informasjon":""},"geometry":{"type":"Point","coordinates":[5.312022,60.463906]}},
    {"type":"Feature","id":"brannstasjon.203","properties":{"id":"brannstasjon.203","brannstasjon":"Hønefoss","brannvesen":"Ringerike brann- og redningstjeneste","stasjonstype":"H","kasernert":"DN","opphav":"DSB","informasjon":""},"geometry":{"type":"Point","coordinates":[10.252925,60.153376]}},
    {"type":"Feature","id":"brannstasjon.204","properties":{"id":"brannstasjon.204","brannstasjon":"Skien","brannvesen":"Grenland brann og redning IKS","stasjonstype":"H","kasernert":"DN","opphav":"DSB","informasjon":""},"geometry":{"type":"Point","coordinates":[9.586598,59.199983]}},
    {"type":"Feature","id":"brannstasjon.205","properties":{"id":"brannstasjon.205","brannstasjon":"Molde","brannvesen":"Nordmøre og Romsdal brann og redning IKS","stasjonstype":"H","kasernert":"DN","opphav":"DSB","informasjon":""},"geometry":{"type":"Point","coordinates":[7.191564,62.737756]}},
    {"type":"Feature","id":"brannstasjon.206","properties":{"id":"brannstasjon.206","brannstasjon":"Sarpsborg","brannvesen":"Sarpsborg brann- og feievesen","stasjonstype":"H","kasernert":"DN","opphav":"DSB","informasjon":""},"geometry":{"type":"Point","coordinates":[11.113422,59.285403]}},
    {"type":"Feature","id":"brannstasjon.207","properties":{"id":"brannstasjon.207","brannstasjon":"Kongsberg","brannvesen":"Kongsberg brann- og redning","stasjonstype":"H","kasernert":"DN","opphav":"DSB","informasjon":""},"geometry":{"type":"Point","coordinates":[9.637905,59.624274]}},
    {"type":"Feature","id":"brannstasjon.208","properties":{"id":"brannstasjon.208","brannstasjon":"Kragerø","brannvesen":"Grenland brann og redning IKS","stasjonstype":"H","kasernert":"DN","opphav":"DSB","informasjon":""},"geometry":{"type":"Point","coordinates":[9.41348,58.871769]}},
    {"type":"Feature","id":"brannstasjon.209","properties":{"id":"brannstasjon.209","brannstasjon":"Rjukan","brannvesen":"Tinn Brannvesen","stasjonstype":"H","kasernert":"DN","opphav":"DSB","informasjon":""},"geometry":{"type":"Point","coordinates":[8.665651,59.879878]}},
    {"type":"Feature","id":"brannstasjon.210","properties":{"id":"brannstasjon.210","brannstasjon":"Mosjøen","brannvesen":"Vefsn, Grane og Herøy","stasjonstype":"H","kasernert":"DA","opphav":"DSB","informasjon":""},"geometry":{"type":"Point","coordinates":[13.197027,65.837521]}},
    {"type":"Feature","id":"brannstasjon.211","properties":{"id":"brannstasjon.211","brannstasjon":"Øvre Årdal","brannvesen":"Årdal og Lærdal","stasjonstype":"H","kasernert":"IK","opphav":"DSB","informasjon":""},"geometry":{"type":"Point","coordinates":[7.818041,61.309549]}},
    {"type":"Feature","id":"brannstasjon.212","properties":{"id":"brannstasjon.212","brannstasjon":"Måløy","brannvesen":"Kinn brannvesen","stasjonstype":"H","kasernert":"IK","opphav":"DSB","informasjon":""},"geometry":{"type":"Point","coordinates":[5.111674,61.935295]}},
    {"type":"Feature","id":"brannstasjon.213","properties":{"id":"brannstasjon.213","brannstasjon":"Myre","brannvesen":"Øksnes Brannvesen","stasjonstype":"H","kasernert":"IK","opphav":"DSB","informasjon":""},"geometry":{"type":"Point","coordinates":[15.080933,68.910485]}},
    {"type":"Feature","id":"brannstasjon.214","properties":{"id":"brannstasjon.214","brannstasjon":"Honningsvåg","brannvesen":"Nordkapp brannvesen","stasjonstype":"H","kasernert":"IK","opphav":"DSB","informasjon":""},"geometry":{"type":"Point","coordinates":[25.973362,70.97811]}},
    {"type":"Feature","id":"brannstasjon.215","properties":{"id":"brannstasjon.215","brannstasjon":"Nes","brannvesen":"Hedmarken og Ringsaker","stasjonstype":"L","kasernert":"IK","opphav":"DSB","informasjon":""},"geometry":{"type":"Point","coordinates":[10.875662,60.792255]}},
    {"type":"Feature","id":"brannstasjon.216","properties":{"id":"brannstasjon.216","brannstasjon":"Langevåg","brannvesen":"Bømlo brann og redning","stasjonstype":"L","kasernert":"IK","opphav":"DSB","informasjon":""},"geometry":{"type":"Point","coordinates":[5.207498,59.601779]}},
    {"type":"Feature","id":"brannstasjon.217","properties":{"id":"brannstasjon.217","brannstasjon":"Heidal","brannvesen":"Sel, Vågå, Lom og Skjåk","stasjonstype":"L","kasernert":"IK","opphav":"DSB","informasjon":""},"geometry":{"type":"Point","coordinates":[9.286696,61.759105]}},
    {"type":"Feature","id":"brannstasjon.218","properties":{"id":"brannstasjon.218","brannstasjon":"Varaldsøy","brannvesen":"Kvinnherad brann og redning","stasjonstype":"L","kasernert":"IK","opphav":"DSB","informasjon":""},"geometry":{"type":"Point","coordinates":[5.976098,60.09655]}},
    {"type":"Feature","id":"brannstasjon.219","properties":{"id":"brannstasjon.219","brannstasjon":"Røldal","brannvesen":"Ullensvang brann og redning","stasjonstype":"L","kasernert":"IK","opphav":"DSB","informasjon":""},"geometry":{"type":"Point","coordinates":[6.817321,59.829157]}},
    {"type":"Feature","id":"brannstasjon.220","properties":{"id":"brannstasjon.220","brannstasjon":"Lofthus","brannvesen":"Ullensvang brann og redning","stasjonstype":"H","kasernert":"IK","opphav":"DSB","informasjon":""},"geometry":{"type":"Point","coordinates":[6.653934,60.320755]}},
    {"type":"Feature","id":"brannstasjon.221","properties":{"id":"brannstasjon.221","brannstasjon":"Vaksdal","brannvesen":"Vaksdal brannvern","stasjonstype":"L","kasernert":"IK","opphav":"DSB","informasjon":""},"geometry":{"type":"Point","coordinates":[5.743588,60.478016]}},
    {"type":"Feature","id":"brannstasjon.222","properties":{"id":"brannstasjon.222","brannstasjon":"Byrkjelo","brannvesen":"Gloppen brannvesen","stasjonstype":"L","kasernert":"IK","opphav":"DSB","informasjon":""},"geometry":{"type":"Point","coordinates":[6.506943,61.731869]}},
    {"type":"Feature","id":"brannstasjon.223","properties":{"id":"brannstasjon.223","brannstasjon":"Utvik","brannvesen":"Stryn brannvesen","stasjonstype":"L","kasernert":"IK","opphav":"DSB","informasjon":""},"geometry":{"type":"Point","coordinates":[6.519,61.806863]}},
    {"type":"Feature","id":"brannstasjon.224","properties":{"id":"brannstasjon.224","brannstasjon":"Skåla","brannvesen":"Nordmøre og Romsdal brann og redning IKS","stasjonstype":"L","kasernert":"IK","opphav":"DSB","informasjon":""},"geometry":{"type":"Point","coordinates":[7.419669,62.731567]}},
    {"type":"Feature","id":"brannstasjon.225","properties":{"id":"brannstasjon.225","brannstasjon":"Eresfjord","brannvesen":"Nordmøre og Romsdal brann og redning IKS","stasjonstype":"L","kasernert":"IK","opphav":"DSB","informasjon":""},"geometry":{"type":"Point","coordinates":[8.117476,62.660775]}},
    {"type":"Feature","id":"brannstasjon.226","properties":{"id":"brannstasjon.226","brannstasjon":"Hemnesberget","brannvesen":"Hemnes og Hattfjelldal","stasjonstype":"L","kasernert":"IK","opphav":"DSB","informasjon":""},"geometry":{"type":"Point","coordinates":[13.629504,66.227725]}},
    {"type":"Feature","id":"brannstasjon.227","properties":{"id":"brannstasjon.227","brannstasjon":"Lødingen","brannvesen":"Ofoten Brann IKS","stasjonstype":"H","kasernert":"IK","opphav":"DSB","informasjon":""},"geometry":{"type":"Point","coordinates":[15.990126,68.410032]}},
    {"type":"Feature","id":"brannstasjon.228","properties":{"id":"brannstasjon.228","brannstasjon":"Risøyhamn","brannvesen":"Andøy brannvesen","stasjonstype":"L","kasernert":"IK","opphav":"DSB","informasjon":""},"geometry":{"type":"Point","coordinates":[15.641313,68.974608]}},
    {"type":"Feature","id":"brannstasjon.229","properties":{"id":"brannstasjon.229","brannstasjon":"Borkenes","brannvesen":"Harstad brann og redning","stasjonstype":"L","kasernert":"IK","opphav":"DSB","informasjon":""},"geometry":{"type":"Point","coordinates":[16.17455,68.771032]}},
    {"type":"Feature","id":"brannstasjon.230","properties":{"id":"brannstasjon.230","brannstasjon":"Aremark","brannvesen":"Aremark brannvesen","stasjonstype":"H","kasernert":"IK","opphav":"DSB","informasjon":""},"geometry":{"type":"Point","coordinates":[11.696877,59.226408]}},
    {"type":"Feature","id":"brannstasjon.231","properties":{"id":"brannstasjon.231","brannstasjon":"Moelv","brannvesen":"Hedmarken og Ringsaker","stasjonstype":"H","kasernert":"IK","opphav":"DSB","informasjon":""},"geometry":{"type":"Point","coordinates":[10.701938,60.931128]}},
    {"type":"Feature","id":"brannstasjon.232","properties":{"id":"brannstasjon.232","brannstasjon":"Mesnali","brannvesen":"Hedmarken og Ringsaker","stasjonstype":"L","kasernert":"IK","opphav":"DSB","informasjon":""},"geometry":{"type":"Point","coordinates":[10.698936,61.102982]}},
    {"type":"Feature","id":"brannstasjon.233","properties":{"id":"brannstasjon.233","brannstasjon":"Skarnes","brannvesen":"Glåmdal","stasjonstype":"H","kasernert":"IK","opphav":"DSB","informasjon":""},"geometry":{"type":"Point","coordinates":[11.676399,60.245173]}},
    {"type":"Feature","id":"brannstasjon.234","properties":{"id":"brannstasjon.234","brannstasjon":"Lena","brannvesen":"Østre Toten brannvesen","stasjonstype":"H","kasernert":"IK","opphav":"DSB","informasjon":""},"geometry":{"type":"Point","coordinates":[10.80838,60.678161]}},
    {"type":"Feature","id":"brannstasjon.235","properties":{"id":"brannstasjon.235","brannstasjon":"Fagernes","brannvesen":"Nord-Aurdal brannvesen","stasjonstype":"H","kasernert":"IK","opphav":"DSB","informasjon":""},"geometry":{"type":"Point","coordinates":[9.222769,60.989861]}},
    {"type":"Feature","id":"brannstasjon.236","properties":{"id":"brannstasjon.236","brannstasjon":"Sokna","brannvesen":"Ringerike brann- og redningstjeneste","stasjonstype":"L","kasernert":"IK","opphav":"DSB","informasjon":""},"geometry":{"type":"Point","coordinates":[9.923656,60.240303]}},
    {"type":"Feature","id":"brannstasjon.237","properties":{"id":"brannstasjon.237","brannstasjon":"Flesberg","brannvesen":"Flesberg brannvesen","stasjonstype":"H","kasernert":"IK","opphav":"DSB","informasjon":""},"geometry":{"type":"Point","coordinates":[9.583178,59.832236]}},
    {"type":"Feature","id":"brannstasjon.238","properties":{"id":"brannstasjon.238","brannstasjon":"Moi","brannvesen":"Lund brannvesen","stasjonstype":"H","kasernert":"IK","opphav":"DSB","informasjon":""},"geometry":{"type":"Point","coordinates":[6.548353,58.458744]}},
    {"type":"Feature","id":"brannstasjon.239","properties":{"id":"brannstasjon.239","brannstasjon":"Moster","brannvesen":"Bømlo brann og redning","stasjonstype":"L","kasernert":"IK","opphav":"DSB","informasjon":""},"geometry":{"type":"Point","coordinates":[5.375721,59.702176]}},
    {"type":"Feature","id":"brannstasjon.240","properties":{"id":"brannstasjon.240","brannstasjon":"Bremnes","brannvesen":"Bømlo brann og redning","stasjonstype":"H","kasernert":"IK","opphav":"DSB","informasjon":""},"geometry":{"type":"Point","coordinates":[5.177701,59.793399]}},
    {"type":"Feature","id":"brannstasjon.241","properties":{"id":"brannstasjon.241","brannstasjon":"Ølve","brannvesen":"Kvinnherad brann og redning","stasjonstype":"L","kasernert":"IK","opphav":"DSB","informasjon":""},"geometry":{"type":"Point","coordinates":[5.817176,60.013691]}},
    {"type":"Feature","id":"brannstasjon.242","properties":{"id":"brannstasjon.242","brannstasjon":"Husnes","brannvesen":"Kvinnherad brann og redning","stasjonstype":"H","kasernert":"IK","opphav":"DSB","informasjon":""},"geometry":{"type":"Point","coordinates":[5.748019,59.864098]}},
    {"type":"Feature","id":"brannstasjon.243","properties":{"id":"brannstasjon.243","brannstasjon":"Halsnøy","brannvesen":"Kvinnherad brann og redning","stasjonstype":"L","kasernert":"IK","opphav":"DSB","informasjon":""},"geometry":{"type":"Point","coordinates":[5.705051,59.792721]}},
    {"type":"Feature","id":"brannstasjon.244","properties":{"id":"brannstasjon.244","brannstasjon":"Uskedal","brannvesen":"Kvinnherad brann og redning","stasjonstype":"L","kasernert":"IK","opphav":"DSB","informasjon":""},"geometry":{"type":"Point","coordinates":[5.863822,59.932761]}},
    {"type":"Feature","id":"brannstasjon.245","properties":{"id":"brannstasjon.245","brannstasjon":"Rosendal","brannvesen":"Kvinnherad brann og redning","stasjonstype":"L","kasernert":"IK","opphav":"DSB","informasjon":""},"geometry":{"type":"Point","coordinates":[6.016675,59.987005]}},
    {"type":"Feature","id":"brannstasjon.246","properties":{"id":"brannstasjon.246","brannstasjon":"Fjellberg","brannvesen":"Kvinnherad brann og redning","stasjonstype":"L","kasernert":"IK","opphav":"DSB","informasjon":""},"geometry":{"type":"Point","coordinates":[5.687342,59.726647]}},
    {"type":"Feature","id":"brannstasjon.247","properties":{"id":"brannstasjon.247","brannstasjon":"Odda","brannvesen":"Ullensvang brann og redning","stasjonstype":"H","kasernert":"IK","opphav":"DSB","informasjon":""},"geometry":{"type":"Point","coordinates":[6.546588,60.066581]}},
    {"type":"Feature","id":"brannstasjon.248","properties":{"id":"brannstasjon.248","brannstasjon":"Utne","brannvesen":"Ullensvang brann og redning","stasjonstype":"L","kasernert":"IK","opphav":"DSB","informasjon":""},"geometry":{"type":"Point","coordinates":[6.607628,60.42627]}},
    {"type":"Feature","id":"brannstasjon.249","properties":{"id":"brannstasjon.249","brannstasjon":"Ulvik","brannvesen":"Voss, Ulvik og Eidfjord","stasjonstype":"H","kasernert":"IK","opphav":"DSB","informasjon":""},"geometry":{"type":"Point","coordinates":[6.91562,60.569429]}},
    {"type":"Feature","id":"brannstasjon.250","properties":{"id":"brannstasjon.250","brannstasjon":"Granvin","brannvesen":"Voss, Ulvik og Eidfjord","stasjonstype":"H","kasernert":"IK","opphav":"DSB","informasjon":""},"geometry":{"type":"Point","coordinates":[6.727039,60.525328]}},
    {"type":"Feature","id":"brannstasjon.251","properties":{"id":"brannstasjon.251","brannstasjon":"Evanger","brannvesen":"Voss, Ulvik og Eidfjord","stasjonstype":"L","kasernert":"IK","opphav":"DSB","informasjon":""},"geometry":{"type":"Point","coordinates":[6.11499,60.648806]}},
    {"type":"Feature","id":"brannstasjon.252","properties":{"id":"brannstasjon.252","brannstasjon":"Oma","brannvesen":"Kvam brann og redning","stasjonstype":"L","kasernert":"IK","opphav":"DSB","informasjon":""},"geometry":{"type":"Point","coordinates":[5.971314,60.216158]}},
    {"type":"Feature","id":"brannstasjon.253","properties":{"id":"brannstasjon.253","brannstasjon":"Norheimsund","brannvesen":"Kvam brann og redning","stasjonstype":"H","kasernert":"IK","opphav":"DSB","informasjon":""},"geometry":{"type":"Point","coordinates":[6.125706,60.369268]}},
    {"type":"Feature","id":"brannstasjon.254","properties":{"id":"brannstasjon.254","brannstasjon":"Fotlandsvåg","brannvesen":"Osterøy brann og redning","stasjonstype":"L","kasernert":"IK","opphav":"DSB","informasjon":""},"geometry":{"type":"Point","coordinates":[5.509261,60.595736]}},
    {"type":"Feature","id":"brannstasjon.255","properties":{"id":"brannstasjon.255","brannstasjon":"Manger","brannvesen":"Nordhordland brann og redning","stasjonstype":"H","kasernert":"IK","opphav":"DSB","informasjon":""},"geometry":{"type":"Point","coordinates":[5.047107,60.63955]}},
    {"type":"Feature","id":"brannstasjon.256","properties":{"id":"brannstasjon.256","brannstasjon":"Hardbakke","brannvesen":"Solund Brannvern","stasjonstype":"H","kasernert":"IK","opphav":"DSB","informasjon":""},"geometry":{"type":"Point","coordinates":[4.840492,61.07091]}},
    {"type":"Feature","id":"brannstasjon.257","properties":{"id":"brannstasjon.257","brannstasjon":"Hyllestad","brannvesen":"Hyllestad brannvern","stasjonstype":"H","kasernert":"IK","opphav":"DSB","informasjon":""},"geometry":{"type":"Point","coordinates":[5.298179,61.167324]}},
    {"type":"Feature","id":"brannstasjon.258","properties":{"id":"brannstasjon.258","brannstasjon":"Aurland","brannvesen":"Aurland brannvesen","stasjonstype":"H","kasernert":"IK","opphav":"DSB","informasjon":""},"geometry":{"type":"Point","coordinates":[7.183744,60.904175]}},
    {"type":"Feature","id":"brannstasjon.259","properties":{"id":"brannstasjon.259","brannstasjon":"Selje","brannvesen":"Stad brannvesen","stasjonstype":"H","kasernert":"IK","opphav":"DSB","informasjon":""},"geometry":{"type":"Point","coordinates":[5.352606,62.047758]}},
    {"type":"Feature","id":"brannstasjon.260","properties":{"id":"brannstasjon.260","brannstasjon":"Hyen","brannvesen":"Gloppen brannvesen","stasjonstype":"L","kasernert":"IK","opphav":"DSB","informasjon":""},"geometry":{"type":"Point","coordinates":[5.913648,61.738602]}},
    {"type":"Feature","id":"brannstasjon.261","properties":{"id":"brannstasjon.261","brannstasjon":"Sandane","brannvesen":"Gloppen brannvesen","stasjonstype":"H","kasernert":"IK","opphav":"DSB","informasjon":""},"geometry":{"type":"Point","coordinates":[6.214239,61.776267]}},
    {"type":"Feature","id":"brannstasjon.262","properties":{"id":"brannstasjon.262","brannstasjon":"Stryn","brannvesen":"Stryn brannvesen","stasjonstype":"H","kasernert":"IK","opphav":"DSB","informasjon":""},"geometry":{"type":"Point","coordinates":[6.724859,61.903541]}},
    {"type":"Feature","id":"brannstasjon.263","properties":{"id":"brannstasjon.263","brannstasjon":"Olden","brannvesen":"Stryn brannvesen","stasjonstype":"L","kasernert":"IK","opphav":"DSB","informasjon":""},"geometry":{"type":"Point","coordinates":[6.811604,61.841538]}},
    {"type":"Feature","id":"brannstasjon.264","properties":{"id":"brannstasjon.264","brannstasjon":"Larsnes","brannvesen":"Sande Brannvern","stasjonstype":"H","kasernert":"IK","opphav":"DSB","informasjon":""},"geometry":{"type":"Point","coordinates":[5.567713,62.207853]}},
    {"type":"Feature","id":"brannstasjon.265","properties":{"id":"brannstasjon.265","brannstasjon":"Sæbø","brannvesen":"Ørsta brann og redning","stasjonstype":"L","kasernert":"IK","opphav":"DSB","informasjon":""},"geometry":{"type":"Point","coordinates":[6.475604,62.208595]}},
    {"type":"Feature","id":"brannstasjon.266","properties":{"id":"brannstasjon.266","brannstasjon":"Ørsta","brannvesen":"Ørsta brann og redning","stasjonstype":"H","kasernert":"IK","opphav":"DSB","informasjon":""},"geometry":{"type":"Point","coordinates":[6.130862,62.19946]}},
    {"type":"Feature","id":"brannstasjon.267","properties":{"id":"brannstasjon.267","brannstasjon":"Eidsvåg","brannvesen":"Nordmøre og Romsdal brann og redning IKS","stasjonstype":"H","kasernert":"IK","opphav":"DSB","informasjon":""},"geometry":{"type":"Point","coordinates":[8.060038,62.775153]}},
    {"type":"Feature","id":"brannstasjon.268","properties":{"id":"brannstasjon.268","brannstasjon":"Kvanne","brannvesen":"Surnadal brannvesen","stasjonstype":"L","kasernert":"IK","opphav":"DSB","informasjon":""},"geometry":{"type":"Point","coordinates":[8.527742,62.889946]}},
    {"type":"Feature","id":"brannstasjon.269","properties":{"id":"brannstasjon.269","brannstasjon":"Todalen","brannvesen":"Surnadal brannvesen","stasjonstype":"L","kasernert":"IK","opphav":"DSB","informasjon":""},"geometry":{"type":"Point","coordinates":[8.702979,62.820403]}},
    {"type":"Feature","id":"brannstasjon.270","properties":{"id":"brannstasjon.270","brannstasjon":"Kolvereid","brannvesen":"Nærøysund brannvesen","stasjonstype":"H","kasernert":"IK","opphav":"DSB","informasjon":""},"geometry":{"type":"Point","coordinates":[11.596001,64.874379]}},
    {"type":"Feature","id":"brannstasjon.271","properties":{"id":"brannstasjon.271","brannstasjon":"Grorud","brannvesen":"Oslo brann- og redningsetat","stasjonstype":"L","kasernert":"DN","opphav":"DSB","informasjon":""},"geometry":{"type":"Point","coordinates":[10.911505,59.962805]}},
    {"type":"Feature","id":"brannstasjon.272","properties":{"id":"brannstasjon.272","brannstasjon":"Hovden","brannvesen":"Setesdal Brannvesen IKS","stasjonstype":"L","kasernert":"IK","opphav":"DSB","informasjon":""},"geometry":{"type":"Point","coordinates":[7.363736,59.553529]}},
    {"type":"Feature","id":"brannstasjon.273","properties":{"id":"brannstasjon.273","brannstasjon":"Kastellet","brannvesen":"Oslo brann- og redningsetat","stasjonstype":"L","kasernert":"DN","opphav":"DSB","informasjon":""},"geometry":{"type":"Point","coordinates":[10.79074,59.872972]}},
    {"type":"Feature","id":"brannstasjon.274","properties":{"id":"brannstasjon.274","brannstasjon":"Hauge","brannvesen":"Bremanger brannvern","stasjonstype":"L","kasernert":"IK","opphav":"DSB","informasjon":""},"geometry":{"type":"Point","coordinates":[4.99216,61.838435]}},
    {"type":"Feature","id":"brannstasjon.275","properties":{"id":"brannstasjon.275","brannstasjon":"Hjelset","brannvesen":"Nordmøre og Romsdal brann og redning IKS","stasjonstype":"L","kasernert":"IK","opphav":"DSB","informasjon":""},"geometry":{"type":"Point","coordinates":[7.54104,62.788305]}},
    {"type":"Feature","id":"brannstasjon.276","properties":{"id":"brannstasjon.276","brannstasjon":"Sirdal","brannvesen":"Sirdal brann -og redningsvesen","stasjonstype":"H","kasernert":"IK","opphav":"DSB","informasjon":""},"geometry":{"type":"Point","coordinates":[6.714075,58.668645]}},
    {"type":"Feature","id":"brannstasjon.277","properties":{"id":"brannstasjon.277","brannstasjon":"Leikanger","brannvesen":"Stad brannvesen","stasjonstype":"L","kasernert":"IK","opphav":"DSB","informasjon":""},"geometry":{"type":"Point","coordinates":[5.317021,62.119]}},
    {"type":"Feature","id":"brannstasjon.278","properties":{"id":"brannstasjon.278","brannstasjon":"Vikeså","brannvesen":"Eigersund brannvesen","stasjonstype":"L","kasernert":"IK","opphav":"DSB","informasjon":""},"geometry":{"type":"Point","coordinates":[6.089459,58.644196]}},
    {"type":"Feature","id":"brannstasjon.279","properties":{"id":"brannstasjon.279","brannstasjon":"Lærdal","brannvesen":"Årdal og Lærdal","stasjonstype":"H","kasernert":"IK","opphav":"DSB","informasjon":""},"geometry":{"type":"Point","coordinates":[7.493685,61.097149]}},
    {"type":"Feature","id":"brannstasjon.280","properties":{"id":"brannstasjon.280","brannstasjon":"Træna","brannvesen":"Træna brann- og redningstjeneste","stasjonstype":"H","kasernert":"IK","opphav":"DSB","informasjon":""},"geometry":{"type":"Point","coordinates":[12.088597,66.497193]}},
    {"type":"Feature","id":"brannstasjon.281","properties":{"id":"brannstasjon.281","brannstasjon":"Bergen","brannvesen":"Bergen brannvesen","stasjonstype":"H","kasernert":"DN","opphav":"DSB","informasjon":""},"geometry":{"type":"Point","coordinates":[5.337091,60.385021]}},
    {"type":"Feature","id":"brannstasjon.282","properties":{"id":"brannstasjon.282","brannstasjon":"Mo i Rana","brannvesen":"Rana og Nesna","stasjonstype":"H","kasernert":"DN","opphav":"DSB","informasjon":""},"geometry":{"type":"Point","coordinates":[14.149075,66.312784]}},
    {"type":"Feature","id":"brannstasjon.283","properties":{"id":"brannstasjon.283","brannstasjon":"Eikenga","brannvesen":"Oslo brann- og redningsetat","stasjonstype":"L","kasernert":"DN","opphav":"DSB","informasjon":""},"geometry":{"type":"Point","coordinates":[10.801454,59.925213]}},
    {"type":"Feature","id":"brannstasjon.284","properties":{"id":"brannstasjon.284","brannstasjon":"Smestad","brannvesen":"Oslo brann- og redningsetat","stasjonstype":"L","kasernert":"DN","opphav":"DSB","informasjon":""},"geometry":{"type":"Point","coordinates":[10.687538,59.939883]}},
    {"type":"Feature","id":"brannstasjon.285","properties":{"id":"brannstasjon.285","brannstasjon":"Briskeby","brannvesen":"Oslo brann- og redningsetat","stasjonstype":"L","kasernert":"DN","opphav":"DSB","informasjon":""},"geometry":{"type":"Point","coordinates":[10.716575,59.92264]}},
    {"type":"Feature","id":"brannstasjon.286","properties":{"id":"brannstasjon.286","brannstasjon":"Alta","brannvesen":"Alta brann- og redningskorps","stasjonstype":"H","kasernert":"DN","opphav":"DSB","informasjon":""},"geometry":{"type":"Point","coordinates":[23.293439,69.975921]}},
    {"type":"Feature","id":"brannstasjon.287","properties":{"id":"brannstasjon.287","brannstasjon":"Setermoen","brannvesen":"Bardu brann og redning","stasjonstype":"H","kasernert":"DN","opphav":"DSB","informasjon":""},"geometry":{"type":"Point","coordinates":[18.354515,68.860164]}},
    {"type":"Feature","id":"brannstasjon.288","properties":{"id":"brannstasjon.288","brannstasjon":"Førde","brannvesen":"Sunnfjord brann- og feiervesen","stasjonstype":"H","kasernert":"DA","opphav":"DSB","informasjon":""},"geometry":{"type":"Point","coordinates":[5.838994,61.456571]}},
    {"type":"Feature","id":"brannstasjon.289","properties":{"id":"brannstasjon.289","brannstasjon":"Åkra","brannvesen":"Kvinnherad brann og redning","stasjonstype":"L","kasernert":"IK","opphav":"DSB","informasjon":""},"geometry":{"type":"Point","coordinates":[6.098648,59.792108]}},
    {"type":"Feature","id":"brannstasjon.290","properties":{"id":"brannstasjon.290","brannstasjon":"Sømna","brannvesen":"Brønnøy brann- og redningstjeneste","stasjonstype":"H","kasernert":"IK","opphav":"DSB","informasjon":""},"geometry":{"type":"Point","coordinates":[12.167771,65.312338]}},
    {"type":"Feature","id":"brannstasjon.291","properties":{"id":"brannstasjon.291","brannstasjon":"Sande","brannvesen":"Sunnfjord brann- og feiervesen","stasjonstype":"H","kasernert":"IK","opphav":"DSB","informasjon":""},"geometry":{"type":"Point","coordinates":[5.782025,61.321752]}},
    {"type":"Feature","id":"brannstasjon.292","properties":{"id":"brannstasjon.292","brannstasjon":"Os","brannvesen":"Rørosregionen brann og redning","stasjonstype":"H","kasernert":"IK","opphav":"DSB","informasjon":""},"geometry":{"type":"Point","coordinates":[11.222565,62.49722]}},
    {"type":"Feature","id":"brannstasjon.293","properties":{"id":"brannstasjon.293","brannstasjon":"Uggdal","brannvesen":"Tysnes brann og redning","stasjonstype":"H","kasernert":"IK","opphav":"DSB","informasjon":""},"geometry":{"type":"Point","coordinates":[5.493919,59.99741]}},
    {"type":"Feature","id":"brannstasjon.294","properties":{"id":"brannstasjon.294","brannstasjon":"Voss","brannvesen":"Voss, Ulvik og Eidfjord","stasjonstype":"H","kasernert":"IK","opphav":"DSB","informasjon":""},"geometry":{"type":"Point","coordinates":[6.440218,60.630209]}},
    {"type":"Feature","id":"brannstasjon.295","properties":{"id":"brannstasjon.295","brannstasjon":"Ålvik","brannvesen":"Kvam brann og redning","stasjonstype":"L","kasernert":"IK","opphav":"DSB","informasjon":""},"geometry":{"type":"Point","coordinates":[6.4306,60.430797]}},
    {"type":"Feature","id":"brannstasjon.296","properties":{"id":"brannstasjon.296","brannstasjon":"Valderøy","brannvesen":"Ålesund brannvesen KF","stasjonstype":"H","kasernert":"IK","opphav":"DSB","informasjon":""},"geometry":{"type":"Point","coordinates":[6.117267,62.527138]}},
    {"type":"Feature","id":"brannstasjon.297","properties":{"id":"brannstasjon.297","brannstasjon":"Sand","brannvesen":"Nord-Odal brannvesen","stasjonstype":"H","kasernert":"IK","opphav":"DSB","informasjon":""},"geometry":{"type":"Point","coordinates":[11.541401,60.391932]}},
    {"type":"Feature","id":"brannstasjon.298","properties":{"id":"brannstasjon.298","brannstasjon":"Storebø","brannvesen":"Austevoll Brann- og redningsteneste","stasjonstype":"H","kasernert":"IK","opphav":"DSB","informasjon":""},"geometry":{"type":"Point","coordinates":[5.244474,60.073518]}},
    {"type":"Feature","id":"brannstasjon.299","properties":{"id":"brannstasjon.299","brannstasjon":"Fedje","brannvesen":"Fedje brannvesen","stasjonstype":"H","kasernert":"IK","opphav":"DSB","informasjon":""},"geometry":{"type":"Point","coordinates":[4.717547,60.77808]}},
    {"type":"Feature","id":"brannstasjon.300","properties":{"id":"brannstasjon.300","brannstasjon":"Askvoll","brannvesen":"Askvoll brannvern","stasjonstype":"H","kasernert":"IK","opphav":"DSB","informasjon":""},"geometry":{"type":"Point","coordinates":[5.063558,61.345215]}},
    {"type":"Feature","id":"brannstasjon.301","properties":{"id":"brannstasjon.301","brannstasjon":"Sunndalsøra","brannvesen":"Nordmøre og Romsdal brann og redning IKS","stasjonstype":"H","kasernert":"IK","opphav":"DSB","informasjon":""},"geometry":{"type":"Point","coordinates":[8.56864,62.675103]}},
    {"type":"Feature","id":"brannstasjon.302","properties":{"id":"brannstasjon.302","brannstasjon":"Silvalen","brannvesen":"Vefsn, Grane og Herøy","stasjonstype":"H","kasernert":"IK","opphav":"DSB","informasjon":""},"geometry":{"type":"Point","coordinates":[12.295337,65.983535]}},
    {"type":"Feature","id":"brannstasjon.303","properties":{"id":"brannstasjon.303","brannstasjon":"Trofors","brannvesen":"Vefsn, Grane og Herøy","stasjonstype":"H","kasernert":"IK","opphav":"DSB","informasjon":""},"geometry":{"type":"Point","coordinates":[13.393353,65.536078]}},
    {"type":"Feature","id":"brannstasjon.304","properties":{"id":"brannstasjon.304","brannstasjon":"Hattfjelldal","brannvesen":"Hemnes og Hattfjelldal","stasjonstype":"H","kasernert":"IK","opphav":"DSB","informasjon":""},"geometry":{"type":"Point","coordinates":[13.98988,65.597884]}},
    {"type":"Feature","id":"brannstasjon.305","properties":{"id":"brannstasjon.305","brannstasjon":"Nesna","brannvesen":"Rana og Nesna","stasjonstype":"H","kasernert":"IK","opphav":"DSB","informasjon":""},"geometry":{"type":"Point","coordinates":[13.01849,66.200021]}},
    {"type":"Feature","id":"brannstasjon.306","properties":{"id":"brannstasjon.306","brannstasjon":"Korgen","brannvesen":"Hemnes og Hattfjelldal","stasjonstype":"H","kasernert":"IK","opphav":"DSB","informasjon":""},"geometry":{"type":"Point","coordinates":[13.822552,66.069668]}},
    {"type":"Feature","id":"brannstasjon.307","properties":{"id":"brannstasjon.307","brannstasjon":"Kvina","brannvesen":"Lurøy brannvesen","stasjonstype":"L","kasernert":"IK","opphav":"DSB","informasjon":""},"geometry":{"type":"Point","coordinates":[13.16306,66.467452]}},
    {"type":"Feature","id":"brannstasjon.308","properties":{"id":"brannstasjon.308","brannstasjon":"Storsteinnes","brannvesen":"Senja brann og redning","stasjonstype":"H","kasernert":"IK","opphav":"DSB","informasjon":""},"geometry":{"type":"Point","coordinates":[19.226672,69.240309]}},
    {"type":"Feature","id":"brannstasjon.309","properties":{"id":"brannstasjon.309","brannstasjon":"Øksfjord","brannvesen":"Loppa brannvesen","stasjonstype":"H","kasernert":"IK","opphav":"DSB","informasjon":""},"geometry":{"type":"Point","coordinates":[22.348755,70.239409]}},
    {"type":"Feature","id":"brannstasjon.310","properties":{"id":"brannstasjon.310","brannstasjon":"Lakselv","brannvesen":"Porsanger brannvesen","stasjonstype":"H","kasernert":"IK","opphav":"DSB","informasjon":""},"geometry":{"type":"Point","coordinates":[24.967882,70.053152]}},
    {"type":"Feature","id":"brannstasjon.311","properties":{"id":"brannstasjon.311","brannstasjon":"Raufoss","brannvesen":"Gjøvik og Vestre Toten","stasjonstype":"H","kasernert":"IK","opphav":"DSB","informasjon":""},"geometry":{"type":"Point","coordinates":[10.60847,60.72783]}},
    {"type":"Feature","id":"brannstasjon.312","properties":{"id":"brannstasjon.312","brannstasjon":"Namsos","brannvesen":"Namsos brann og redning","stasjonstype":"H","kasernert":"DA","opphav":"DSB","informasjon":""},"geometry":{"type":"Point","coordinates":[11.507282,64.468482]}},
    {"type":"Feature","id":"brannstasjon.313","properties":{"id":"brannstasjon.313","brannstasjon":"Fosnavåg","brannvesen":"Herøy brannvern","stasjonstype":"H","kasernert":"IK","opphav":"DSB","informasjon":""},"geometry":{"type":"Point","coordinates":[5.645995,62.326402]}},
    {"type":"Feature","id":"brannstasjon.314","properties":{"id":"brannstasjon.314","brannstasjon":"Svelgen","brannvesen":"Bremanger brannvern","stasjonstype":"H","kasernert":"IK","opphav":"DSB","informasjon":""},"geometry":{"type":"Point","coordinates":[5.297103,61.77108]}},
    {"type":"Feature","id":"brannstasjon.315","properties":{"id":"brannstasjon.315","brannstasjon":"Namsskogan","brannvesen":"Namsos brann og redning","stasjonstype":"H","kasernert":"IK","opphav":"DSB","informasjon":""},"geometry":{"type":"Point","coordinates":[13.162262,64.928686]}},
    {"type":"Feature","id":"brannstasjon.316","properties":{"id":"brannstasjon.316","brannstasjon":"Lauvsnes","brannvesen":"Namsos brann og redning","stasjonstype":"H","kasernert":"IK","opphav":"DSB","informasjon":""},"geometry":{"type":"Point","coordinates":[10.913042,64.49755]}},
    {"type":"Feature","id":"brannstasjon.317","properties":{"id":"brannstasjon.317","brannstasjon":"Brumunddal","brannvesen":"Hedmarken og Ringsaker","stasjonstype":"H","kasernert":"DA","opphav":"DSB","informasjon":""},"geometry":{"type":"Point","coordinates":[10.936258,60.88726]}},
    {"type":"Feature","id":"brannstasjon.318","properties":{"id":"brannstasjon.318","brannstasjon":"Snåsa","brannvesen":"Brannvesenet Midt IKS","stasjonstype":"L","kasernert":"IK","opphav":"DSB","informasjon":""},"geometry":{"type":"Point","coordinates":[12.388439,64.246574]}},
    {"type":"Feature","id":"brannstasjon.319","properties":{"id":"brannstasjon.319","brannstasjon":"Ålgård","brannvesen":"Rogaland brann og redning IKS","stasjonstype":"L","kasernert":"IK","opphav":"DSB","informasjon":""},"geometry":{"type":"Point","coordinates":[5.83542,58.780593]}},
    {"type":"Feature","id":"brannstasjon.320","properties":{"id":"brannstasjon.320","brannstasjon":"Misvær","brannvesen":"Salten Brann IKS","stasjonstype":"L","kasernert":"IK","opphav":"DSB","informasjon":""},"geometry":{"type":"Point","coordinates":[15.00318,67.115923]}},
    {"type":"Feature","id":"brannstasjon.321","properties":{"id":"brannstasjon.321","brannstasjon":"Roa","brannvesen":"Lunner og Gran brann og redning","stasjonstype":"L","kasernert":"IK","opphav":"DSB","informasjon":""},"geometry":{"type":"Point","coordinates":[10.605824,60.293831]}},
    {"type":"Feature","id":"brannstasjon.322","properties":{"id":"brannstasjon.322","brannstasjon":"Folldal","brannvesen":"Midt-Hedmark brann-og redningsvesen IKS","stasjonstype":"L","kasernert":"IK","opphav":"DSB","informasjon":""},"geometry":{"type":"Point","coordinates":[9.988321,62.137098]}},
    {"type":"Feature","id":"brannstasjon.323","properties":{"id":"brannstasjon.323","brannstasjon":"Fyresdal","brannvesen":"Vest-Telemark","stasjonstype":"H","kasernert":"IK","opphav":"DSB","informasjon":""},"geometry":{"type":"Point","coordinates":[8.085334,59.201551]}},
    {"type":"Feature","id":"brannstasjon.324","properties":{"id":"brannstasjon.324","brannstasjon":"Prestfoss","brannvesen":"Drammensregionens Brannvesen IKS","stasjonstype":"L","kasernert":"IK","opphav":"DSB","informasjon":""},"geometry":{"type":"Point","coordinates":[9.640869,60.040609]}},
    {"type":"Feature","id":"brannstasjon.325","properties":{"id":"brannstasjon.325","brannstasjon":"Dalen","brannvesen":"Vest-Telemark","stasjonstype":"H","kasernert":"IK","opphav":"DSB","informasjon":""},"geometry":{"type":"Point","coordinates":[7.993066,59.445771]}},
    {"type":"Feature","id":"brannstasjon.326","properties":{"id":"brannstasjon.326","brannstasjon":"Haukeligrend","brannvesen":"Vest-Telemark","stasjonstype":"H","kasernert":"IK","opphav":"DSB","informasjon":""},"geometry":{"type":"Point","coordinates":[7.569746,59.737343]}},
    {"type":"Feature","id":"brannstasjon.327","properties":{"id":"brannstasjon.327","brannstasjon":"Hamar","brannvesen":"Hedmarken og Ringsaker","stasjonstype":"H","kasernert":"DN","opphav":"DSB","informasjon":""},"geometry":{"type":"Point","coordinates":[11.100342,60.79398]}},
    {"type":"Feature","id":"brannstasjon.328","properties":{"id":"brannstasjon.328","brannstasjon":"Stange","brannvesen":"Hedmarken og Ringsaker","stasjonstype":"L","kasernert":"IK","opphav":"DSB","informasjon":""},"geometry":{"type":"Point","coordinates":[11.189581,60.716798]}},
    {"type":"Feature","id":"brannstasjon.329","properties":{"id":"brannstasjon.329","brannstasjon":"Straumen","brannvesen":"Salten Brann IKS","stasjonstype":"L","kasernert":"IK","opphav":"DSB","informasjon":""},"geometry":{"type":"Point","coordinates":[15.583159,67.352703]}},
    {"type":"Feature","id":"brannstasjon.330","properties":{"id":"brannstasjon.330","brannstasjon":"Moland","brannvesen":"Østre Agder Brannvesen","stasjonstype":"L","kasernert":"IK","opphav":"DSB","informasjon":""},"geometry":{"type":"Point","coordinates":[8.869089,58.499671]}},
    {"type":"Feature","id":"brannstasjon.331","properties":{"id":"brannstasjon.331","brannstasjon":"Koppang","brannvesen":"Midt-Hedmark brann-og redningsvesen IKS","stasjonstype":"L","kasernert":"IK","opphav":"DSB","informasjon":""},"geometry":{"type":"Point","coordinates":[11.042681,61.573034]}},
    {"type":"Feature","id":"brannstasjon.332","properties":{"id":"brannstasjon.332","brannstasjon":"Austmarka","brannvesen":"Glåmdal","stasjonstype":"L","kasernert":"IK","opphav":"DSB","informasjon":""},"geometry":{"type":"Point","coordinates":[12.31584,60.103277]}},
    {"type":"Feature","id":"brannstasjon.333","properties":{"id":"brannstasjon.333","brannstasjon":"Våler","brannvesen":"Midt-Hedmark brann-og redningsvesen IKS","stasjonstype":"L","kasernert":"IK","opphav":"DSB","informasjon":""},"geometry":{"type":"Point","coordinates":[11.836919,60.66704]}},
    {"type":"Feature","id":"brannstasjon.334","properties":{"id":"brannstasjon.334","brannstasjon":"Tretten","brannvesen":"Lillehammer Region brannvesen","stasjonstype":"L","kasernert":"IK","opphav":"DSB","informasjon":""},"geometry":{"type":"Point","coordinates":[10.301488,61.308647]}},
    {"type":"Feature","id":"brannstasjon.335","properties":{"id":"brannstasjon.335","brannstasjon":"Svelvik","brannvesen":"Drammensregionens Brannvesen IKS","stasjonstype":"L","kasernert":"IK","opphav":"DSB","informasjon":""},"geometry":{"type":"Point","coordinates":[10.402623,59.617408]}},
    {"type":"Feature","id":"brannstasjon.336","properties":{"id":"brannstasjon.336","brannstasjon":"Bykle","brannvesen":"Setesdal Brannvesen IKS","stasjonstype":"L","kasernert":"IK","opphav":"DSB","informasjon":""},"geometry":{"type":"Point","coordinates":[7.364317,59.356552]}},
    {"type":"Feature","id":"brannstasjon.337","properties":{"id":"brannstasjon.337","brannstasjon":"Konsmo","brannvesen":"Brannvesenet Sør IKS","stasjonstype":"L","kasernert":"IK","opphav":"DSB","informasjon":""},"geometry":{"type":"Point","coordinates":[7.353988,58.284086]}},
    {"type":"Feature","id":"brannstasjon.338","properties":{"id":"brannstasjon.338","brannstasjon":"Riska","brannvesen":"Rogaland brann og redning IKS","stasjonstype":"L","kasernert":"IK","opphav":"DSB","informasjon":""},"geometry":{"type":"Point","coordinates":[5.849052,58.925786]}},
    {"type":"Feature","id":"brannstasjon.339","properties":{"id":"brannstasjon.339","brannstasjon":"Sjøvegan","brannvesen":"Bardu brann og redning","stasjonstype":"H","kasernert":"IK","opphav":"DSB","informasjon":""},"geometry":{"type":"Point","coordinates":[17.841271,68.873401]}},
    {"type":"Feature","id":"brannstasjon.340","properties":{"id":"brannstasjon.340","brannstasjon":"Nedre Eiker","brannvesen":"Drammensregionens Brannvesen IKS","stasjonstype":"L","kasernert":"DN","opphav":"DSB","informasjon":""},"geometry":{"type":"Point","coordinates":[10.02742,59.750959]}},
    {"type":"Feature","id":"brannstasjon.341","properties":{"id":"brannstasjon.341","brannstasjon":"Farsund","brannvesen":"Brannvesenet Sør IKS","stasjonstype":"L","kasernert":"IK","opphav":"DSB","informasjon":""},"geometry":{"type":"Point","coordinates":[6.787246,58.08561]}},
    {"type":"Feature","id":"brannstasjon.342","properties":{"id":"brannstasjon.342","brannstasjon":"Vanse","brannvesen":"Brannvesenet Sør IKS","stasjonstype":"L","kasernert":"IK","opphav":"DSB","informasjon":""},"geometry":{"type":"Point","coordinates":[6.689043,58.097112]}},
    {"type":"Feature","id":"brannstasjon.343","properties":{"id":"brannstasjon.343","brannstasjon":"Mandal","brannvesen":"Brannvesenet Sør IKS","stasjonstype":"H","kasernert":"DN","opphav":"DSB","informasjon":""},"geometry":{"type":"Point","coordinates":[7.445664,58.028961]}},
    {"type":"Feature","id":"brannstasjon.344","properties":{"id":"brannstasjon.344","brannstasjon":"Tynset","brannvesen":"Midt-Hedmark brann-og redningsvesen IKS","stasjonstype":"L","kasernert":"IK","opphav":"DSB","informasjon":""},"geometry":{"type":"Point","coordinates":[10.771938,62.279364]}},
    {"type":"Feature","id":"brannstasjon.345","properties":{"id":"brannstasjon.345","brannstasjon":"Høle","brannvesen":"Rogaland brann og redning IKS","stasjonstype":"L","kasernert":"IK","opphav":"DSB","informasjon":""},"geometry":{"type":"Point","coordinates":[6.017827,58.895031]}},
    {"type":"Feature","id":"brannstasjon.346","properties":{"id":"brannstasjon.346","brannstasjon":"Tolga","brannvesen":"Midt-Hedmark brann-og redningsvesen IKS","stasjonstype":"L","kasernert":"IK","opphav":"DSB","informasjon":""},"geometry":{"type":"Point","coordinates":[10.991325,62.410289]}},
    {"type":"Feature","id":"brannstasjon.347","properties":{"id":"brannstasjon.347","brannstasjon":"Asker","brannvesen":"Asker og Bærum brann og redning IKS","stasjonstype":"H","kasernert":"DN","opphav":"DSB","informasjon":""},"geometry":{"type":"Point","coordinates":[10.439096,59.82947]}},
    {"type":"Feature","id":"brannstasjon.348","properties":{"id":"brannstasjon.348","brannstasjon":"Gjettum","brannvesen":"Asker og Bærum brann og redning IKS","stasjonstype":"L","kasernert":"DN","opphav":"DSB","informasjon":""},"geometry":{"type":"Point","coordinates":[10.512711,59.906082]}},
    {"type":"Feature","id":"brannstasjon.349","properties":{"id":"brannstasjon.349","brannstasjon":"Bekkestua","brannvesen":"Asker og Bærum brann og redning IKS","stasjonstype":"L","kasernert":"DN","opphav":"DSB","informasjon":""},"geometry":{"type":"Point","coordinates":[10.585715,59.917876]}},
    {"type":"Feature","id":"brannstasjon.350","properties":{"id":"brannstasjon.350","brannstasjon":"Tønsberg","brannvesen":"Vestfold Interkommunale Brannvesen IKS","stasjonstype":"H","kasernert":"DN","opphav":"DSB","informasjon":""},"geometry":{"type":"Point","coordinates":[10.409751,59.264006]}},
    {"type":"Feature","id":"brannstasjon.351","properties":{"id":"brannstasjon.351","brannstasjon":"Kongsvinger","brannvesen":"Glåmdal","stasjonstype":"H","kasernert":"DN","opphav":"DSB","informasjon":""},"geometry":{"type":"Point","coordinates":[12.002283,60.193097]}},
    {"type":"Feature","id":"brannstasjon.352","properties":{"id":"brannstasjon.352","brannstasjon":"Elverum","brannvesen":"Midt-Hedmark brann-og redningsvesen IKS","stasjonstype":"H","kasernert":"DN","opphav":"DSB","informasjon":""},"geometry":{"type":"Point","coordinates":[11.575527,60.87631]}},
    {"type":"Feature","id":"brannstasjon.353","properties":{"id":"brannstasjon.353","brannstasjon":"Drammen","brannvesen":"Drammensregionens Brannvesen IKS","stasjonstype":"H","kasernert":"DN","opphav":"DSB","informasjon":""},"geometry":{"type":"Point","coordinates":[10.204722,59.736577]}},
    {"type":"Feature","id":"brannstasjon.354","properties":{"id":"brannstasjon.354","brannstasjon":"Steinkjer","brannvesen":"Brannvesenet Midt IKS","stasjonstype":"H","kasernert":"DN","opphav":"DSB","informasjon":""},"geometry":{"type":"Point","coordinates":[11.479388,64.013328]}},
    {"type":"Feature","id":"brannstasjon.355","properties":{"id":"brannstasjon.355","brannstasjon":"Ski","brannvesen":"Follo brannvesen IKS","stasjonstype":"H","kasernert":"DN","opphav":"DSB","informasjon":""},"geometry":{"type":"Point","coordinates":[10.853319,59.715663]}},
    {"type":"Feature","id":"brannstasjon.356","properties":{"id":"brannstasjon.356","brannstasjon":"Lunde","brannvesen":"Midt-Telemark Brann- og Redningstjeneste","stasjonstype":"L","kasernert":"IK","opphav":"DSB","informasjon":""},"geometry":{"type":"Point","coordinates":[9.100999,59.301096]}},
    {"type":"Feature","id":"brannstasjon.357","properties":{"id":"brannstasjon.357","brannstasjon":"Bryne","brannvesen":"Rogaland brann og redning IKS","stasjonstype":"L","kasernert":"DA","opphav":"DSB","informasjon":""},"geometry":{"type":"Point","coordinates":[5.655095,58.735905]}},
    {"type":"Feature","id":"brannstasjon.358","properties":{"id":"brannstasjon.358","brannstasjon":"Gilja","brannvesen":"Rogaland brann og redning IKS","stasjonstype":"L","kasernert":"IK","opphav":"DSB","informasjon":""},"geometry":{"type":"Point","coordinates":[6.254647,58.806526]}},
    {"type":"Feature","id":"brannstasjon.359","properties":{"id":"brannstasjon.359","brannstasjon":"Klepp","brannvesen":"Rogaland brann og redning IKS","stasjonstype":"L","kasernert":"IK","opphav":"DSB","informasjon":""},"geometry":{"type":"Point","coordinates":[5.6151,58.7835]}},
    {"type":"Feature","id":"brannstasjon.360","properties":{"id":"brannstasjon.360","brannstasjon":"Segalstad bru","brannvesen":"Lillehammer Region brannvesen","stasjonstype":"L","kasernert":"IK","opphav":"DSB","informasjon":""},"geometry":{"type":"Point","coordinates":[10.216871,61.225598]}},
    {"type":"Feature","id":"brannstasjon.361","properties":{"id":"brannstasjon.361","brannstasjon":"Moldjord","brannvesen":"Salten Brann IKS","stasjonstype":"L","kasernert":"IK","opphav":"DSB","informasjon":""},"geometry":{"type":"Point","coordinates":[14.577489,67.01241]}},
    {"type":"Feature","id":"brannstasjon.362","properties":{"id":"brannstasjon.362","brannstasjon":"Ørje","brannvesen":"Indre Østfold brann og redning IKS","stasjonstype":"H","kasernert":"IK","opphav":"DSB","informasjon":""},"geometry":{"type":"Point","coordinates":[11.685505,59.480456]}},
    {"type":"Feature","id":"brannstasjon.363","properties":{"id":"brannstasjon.363","brannstasjon":"Årnes","brannvesen":"Øvre Romerike brann og redning IKS","stasjonstype":"L","kasernert":"DN","opphav":"DSB","informasjon":""},"geometry":{"type":"Point","coordinates":[11.465446,60.122024]}},
    {"type":"Feature","id":"brannstasjon.364","properties":{"id":"brannstasjon.364","brannstasjon":"Løten","brannvesen":"Hedmarken og Ringsaker","stasjonstype":"L","kasernert":"IK","opphav":"DSB","informasjon":""},"geometry":{"type":"Point","coordinates":[11.34079,60.815226]}},
    {"type":"Feature","id":"brannstasjon.365","properties":{"id":"brannstasjon.365","brannstasjon":"Trysil","brannvesen":"Midt-Hedmark brann-og redningsvesen IKS","stasjonstype":"L","kasernert":"IK","opphav":"DSB","informasjon":""},"geometry":{"type":"Point","coordinates":[12.261169,61.318578]}},
    {"type":"Feature","id":"brannstasjon.366","properties":{"id":"brannstasjon.366","brannstasjon":"Ringebu","brannvesen":"Midt-Gudbrandsdal brannvesen","stasjonstype":"H","kasernert":"IK","opphav":"DSB","informasjon":""},"geometry":{"type":"Point","coordinates":[10.142876,61.529078]}},
    {"type":"Feature","id":"brannstasjon.367","properties":{"id":"brannstasjon.367","brannstasjon":"Tvedestrand","brannvesen":"Østre Agder Brannvesen","stasjonstype":"L","kasernert":"IK","opphav":"DSB","informasjon":""},"geometry":{"type":"Point","coordinates":[8.924652,58.627872]}},
    {"type":"Feature","id":"brannstasjon.368","properties":{"id":"brannstasjon.368","brannstasjon":"Grong","brannvesen":"Namdal brann og redningsvesen","stasjonstype":"H","kasernert":"IK","opphav":"DSB","informasjon":""},"geometry":{"type":"Point","coordinates":[12.319894,64.463819]}},
    {"type":"Feature","id":"brannstasjon.369","properties":{"id":"brannstasjon.369","brannstasjon":"Knaplund","brannvesen":"Salten Brann IKS","stasjonstype":"L","kasernert":"IK","opphav":"DSB","informasjon":""},"geometry":{"type":"Point","coordinates":[14.631102,67.234068]}},
    {"type":"Feature","id":"brannstasjon.370","properties":{"id":"brannstasjon.370","brannstasjon":"Inndyr","brannvesen":"Salten Brann IKS","stasjonstype":"L","kasernert":"IK","opphav":"DSB","informasjon":""},"geometry":{"type":"Point","coordinates":[14.028453,67.032981]}},
    {"type":"Feature","id":"brannstasjon.371","properties":{"id":"brannstasjon.371","brannstasjon":"Oppeid","brannvesen":"Salten Brann IKS","stasjonstype":"L","kasernert":"IK","opphav":"DSB","informasjon":""},"geometry":{"type":"Point","coordinates":[15.609718,68.084341]}},
    {"type":"Feature","id":"brannstasjon.372","properties":{"id":"brannstasjon.372","brannstasjon":"Fåvang","brannvesen":"Midt-Gudbrandsdal brannvesen","stasjonstype":"L","kasernert":"IK","opphav":"DSB","informasjon":""},"geometry":{"type":"Point","coordinates":[10.194648,61.453211]}},
    {"type":"Feature","id":"brannstasjon.373","properties":{"id":"brannstasjon.373","brannstasjon":"Lyngdal","brannvesen":"Brannvesenet Sør IKS","stasjonstype":"L","kasernert":"IK","opphav":"DSB","informasjon":""},"geometry":{"type":"Point","coordinates":[7.058749,58.141421]}},
    {"type":"Feature","id":"brannstasjon.374","properties":{"id":"brannstasjon.374","brannstasjon":"Enebakk","brannvesen":"Follo brannvesen IKS","stasjonstype":"L","kasernert":"IK","opphav":"DSB","informasjon":""},"geometry":{"type":"Point","coordinates":[11.053168,59.722927]}},
    {"type":"Feature","id":"brannstasjon.375","properties":{"id":"brannstasjon.375","brannstasjon":"Alvdal","brannvesen":"Midt-Hedmark brann-og redningsvesen IKS","stasjonstype":"L","kasernert":"IK","opphav":"DSB","informasjon":""},"geometry":{"type":"Point","coordinates":[10.616404,62.113592]}},
    {"type":"Feature","id":"brannstasjon.376","properties":{"id":"brannstasjon.376","brannstasjon":"Drevsjø","brannvesen":"Midt-Hedmark brann-og redningsvesen IKS","stasjonstype":"L","kasernert":"IK","opphav":"DSB","informasjon":""},"geometry":{"type":"Point","coordinates":[12.028782,61.878659]}},
    {"type":"Feature","id":"brannstasjon.377","properties":{"id":"brannstasjon.377","brannstasjon":"Innhavet","brannvesen":"Salten Brann IKS","stasjonstype":"L","kasernert":"IK","opphav":"DSB","informasjon":""},"geometry":{"type":"Point","coordinates":[15.924107,67.969339]}},
    {"type":"Feature","id":"brannstasjon.378","properties":{"id":"brannstasjon.378","brannstasjon":"Balestrand","brannvesen":"Sogn brann og redning IKS","stasjonstype":"H","kasernert":"IK","opphav":"DSB","informasjon":""},"geometry":{"type":"Point","coordinates":[6.52931,61.209522]}},
    {"type":"Feature","id":"brannstasjon.379","properties":{"id":"brannstasjon.379","brannstasjon":"Sogndal","brannvesen":"Sogn brann og redning IKS","stasjonstype":"H","kasernert":"IK","opphav":"DSB","informasjon":""},"geometry":{"type":"Point","coordinates":[7.093445,61.233444]}},
    {"type":"Feature","id":"brannstasjon.380","properties":{"id":"brannstasjon.380","brannstasjon":"Arendal","brannvesen":"Østre Agder Brannvesen","stasjonstype":"H","kasernert":"DN","opphav":"DSB","informasjon":""},"geometry":{"type":"Point","coordinates":[8.723526,58.460502]}},
    {"type":"Feature","id":"brannstasjon.381","properties":{"id":"brannstasjon.381","brannstasjon":"Kristiansand","brannvesen":"Kristiansandsregionen BR","stasjonstype":"H","kasernert":"DN","opphav":"DSB","informasjon":""},"geometry":{"type":"Point","coordinates":[7.999362,58.155659]}},
    {"type":"Feature","id":"brannstasjon.382","properties":{"id":"brannstasjon.382","brannstasjon":"Eidsvoll","brannvesen":"Øvre Romerike brann og redning IKS","stasjonstype":"L","kasernert":"DN","opphav":"DSB","informasjon":""},"geometry":{"type":"Point","coordinates":[11.222228,60.327679]}},
    {"type":"Feature","id":"brannstasjon.383","properties":{"id":"brannstasjon.383","brannstasjon":"Brandbu","brannvesen":"Lunner og Gran brann og redning","stasjonstype":"L","kasernert":"IK","opphav":"DSB","informasjon":""},"geometry":{"type":"Point","coordinates":[10.507191,60.419764]}},
    {"type":"Feature","id":"brannstasjon.384","properties":{"id":"brannstasjon.384","brannstasjon":"Vanvikan","brannvesen":"Trøndelag brann- og redningstjeneste IKS","stasjonstype":"L","kasernert":"IK","opphav":"DSB","informasjon":""},"geometry":{"type":"Point","coordinates":[10.240712,63.556312]}},
    {"type":"Feature","id":"brannstasjon.385","properties":{"id":"brannstasjon.385","brannstasjon":"Stjørna","brannvesen":"Trøndelag brann- og redningstjeneste IKS","stasjonstype":"L","kasernert":"IK","opphav":"DSB","informasjon":""},"geometry":{"type":"Point","coordinates":[10.091516,63.749981]}},
    {"type":"Feature","id":"brannstasjon.386","properties":{"id":"brannstasjon.386","brannstasjon":"Engavågen","brannvesen":"Salten Brann IKS","stasjonstype":"L","kasernert":"IK","opphav":"DSB","informasjon":""},"geometry":{"type":"Point","coordinates":[13.536596,66.777433]}},
    {"type":"Feature","id":"brannstasjon.387","properties":{"id":"brannstasjon.387","brannstasjon":"Ørnes","brannvesen":"Salten Brann IKS","stasjonstype":"L","kasernert":"IK","opphav":"DSB","informasjon":""},"geometry":{"type":"Point","coordinates":[13.708112,66.872492]}},
    {"type":"Feature","id":"brannstasjon.388","properties":{"id":"brannstasjon.388","brannstasjon":"Bolga","brannvesen":"Salten Brann IKS","stasjonstype":"L","kasernert":"IK","opphav":"DSB","informasjon":""},"geometry":{"type":"Point","coordinates":[13.234211,66.804187]}},
    {"type":"Feature","id":"brannstasjon.389","properties":{"id":"brannstasjon.389","brannstasjon":"Glomfjord","brannvesen":"Salten Brann IKS","stasjonstype":"L","kasernert":"IK","opphav":"DSB","informasjon":""},"geometry":{"type":"Point","coordinates":[13.939784,66.817214]}},
    {"type":"Feature","id":"brannstasjon.390","properties":{"id":"brannstasjon.390","brannstasjon":"Sandmoen","brannvesen":"Trøndelag brann- og redningstjeneste IKS","stasjonstype":"L","kasernert":"DN","opphav":"DSB","informasjon":""},"geometry":{"type":"Point","coordinates":[10.370189,63.334705]}},
    {"type":"Feature","id":"brannstasjon.391","properties":{"id":"brannstasjon.391","brannstasjon":"Kopstad","brannvesen":"Vestfold Interkommunale Brannvesen IKS","stasjonstype":"L","kasernert":"DN","opphav":"DSB","informasjon":""},"geometry":{"type":"Point","coordinates":[10.374098,59.424692]}},
    {"type":"Feature","id":"brannstasjon.392","properties":{"id":"brannstasjon.392","brannstasjon":"Åfjord","brannvesen":"Fosen Brann og Redningstjeneste IKS","stasjonstype":"L","kasernert":"IK","opphav":"DSB","informasjon":""},"geometry":{"type":"Point","coordinates":[10.216414,63.966287]}},
    {"type":"Feature","id":"brannstasjon.393","properties":{"id":"brannstasjon.393","brannstasjon":"Løken","brannvesen":"Nedre Romerike BR","stasjonstype":"L","kasernert":"IK","opphav":"DSB","informasjon":""},"geometry":{"type":"Point","coordinates":[11.47089,59.798642]}},
    {"type":"Feature","id":"brannstasjon.394","properties":{"id":"brannstasjon.394","brannstasjon":"Levanger","brannvesen":"Levanger og Frosta","stasjonstype":"H","kasernert":"DA","opphav":"DSB","informasjon":""},"geometry":{"type":"Point","coordinates":[11.282018,63.738571]}},
    {"type":"Feature","id":"brannstasjon.395","properties":{"id":"brannstasjon.395","brannstasjon":"Nordli","brannvesen":"Brannvesenet Midt IKS","stasjonstype":"L","kasernert":"IK","opphav":"DSB","informasjon":""},"geometry":{"type":"Point","coordinates":[13.593999,64.463853]}},
    {"type":"Feature","id":"brannstasjon.396","properties":{"id":"brannstasjon.396","brannstasjon":"Gaupne","brannvesen":"Sogn brann og redning IKS","stasjonstype":"H","kasernert":"IK","opphav":"DSB","informasjon":""},"geometry":{"type":"Point","coordinates":[7.28732,61.399086]}},
    {"type":"Feature","id":"brannstasjon.397","properties":{"id":"brannstasjon.397","brannstasjon":"Osen","brannvesen":"Brannvesenet Midt IKS","stasjonstype":"L","kasernert":"IK","opphav":"DSB","informasjon":""},"geometry":{"type":"Point","coordinates":[10.512391,64.29602]}},
    {"type":"Feature","id":"brannstasjon.398","properties":{"id":"brannstasjon.398","brannstasjon":"Inderøy","brannvesen":"Brannvesenet Midt IKS","stasjonstype":"L","kasernert":"IK","opphav":"DSB","informasjon":""},"geometry":{"type":"Point","coordinates":[11.289979,63.873152]}},
    {"type":"Feature","id":"brannstasjon.399","properties":{"id":"brannstasjon.399","brannstasjon":"Gjerstad","brannvesen":"Østre Agder Brannvesen","stasjonstype":"L","kasernert":"IK","opphav":"DSB","informasjon":""},"geometry":{"type":"Point","coordinates":[9.011885,58.87308]}},
    {"type":"Feature","id":"brannstasjon.400","properties":{"id":"brannstasjon.400","brannstasjon":"Askim","brannvesen":"Indre Østfold brann og redning IKS","stasjonstype":"H","kasernert":"DA","opphav":"DSB","informasjon":""},"geometry":{"type":"Point","coordinates":[11.16555,59.587937]}},
    {"type":"Feature","id":"brannstasjon.401","properties":{"id":"brannstasjon.401","brannstasjon":"Mysen","brannvesen":"Indre Østfold brann og redning IKS","stasjonstype":"H","kasernert":"IK","opphav":"DSB","informasjon":""},"geometry":{"type":"Point","coordinates":[11.337428,59.548888]}},
    {"type":"Feature","id":"brannstasjon.402","properties":{"id":"brannstasjon.402","brannstasjon":"Skiptvet","brannvesen":"Indre Østfold brann og redning IKS","stasjonstype":"H","kasernert":"IK","opphav":"DSB","informasjon":""},"geometry":{"type":"Point","coordinates":[11.159614,59.473863]}},
    {"type":"Feature","id":"brannstasjon.403","properties":{"id":"brannstasjon.403","brannstasjon":"Skjervøy","brannvesen":"Nord-Troms brann og redning","stasjonstype":"H","kasernert":"IK","opphav":"DSB","informasjon":""},"geometry":{"type":"Point","coordinates":[20.978141,70.028808]}},
    {"type":"Feature","id":"brannstasjon.404","properties":{"id":"brannstasjon.404","brannstasjon":"Burfjord","brannvesen":"Kvænangen brann og redning","stasjonstype":"H","kasernert":"IK","opphav":"DSB","informasjon":""},"geometry":{"type":"Point","coordinates":[22.043534,69.939348]}},
    {"type":"Feature","id":"brannstasjon.405","properties":{"id":"brannstasjon.405","brannstasjon":"Narvik hovedst.","brannvesen":"Ofoten Brann IKS","stasjonstype":"H","kasernert":"DN","opphav":"DSB","informasjon":""},"geometry":{"type":"Point","coordinates":[17.429801,68.440146]}},
    {"type":"Feature","id":"brannstasjon.406","properties":{"id":"brannstasjon.406","brannstasjon":"Ballangen","brannvesen":"Ofoten Brann IKS","stasjonstype":"L","kasernert":"IK","opphav":"DSB","informasjon":""},"geometry":{"type":"Point","coordinates":[16.835124,68.341363]}},
    {"type":"Feature","id":"brannstasjon.407","properties":{"id":"brannstasjon.407","brannstasjon":"Kjøpsvik","brannvesen":"Ofoten Brann IKS","stasjonstype":"L","kasernert":"IK","opphav":"DSB","informasjon":""},"geometry":{"type":"Point","coordinates":[16.373891,68.096899]}},
    {"type":"Feature","id":"brannstasjon.408","properties":{"id":"brannstasjon.408","brannstasjon":"Hommelstø","brannvesen":"Brønnøy brann- og redningstjeneste","stasjonstype":"L","kasernert":"IK","opphav":"DSB","informasjon":""},"geometry":{"type":"Point","coordinates":[12.546884,65.409068]}},
    {"type":"Feature","id":"brannstasjon.409","properties":{"id":"brannstasjon.409","brannstasjon":"Vevelstad","brannvesen":"Brønnøy brann- og redningstjeneste","stasjonstype":"L","kasernert":"IK","opphav":"DSB","informasjon":""},"geometry":{"type":"Point","coordinates":[12.441441,65.70196]}},
    {"type":"Feature","id":"brannstasjon.410","properties":{"id":"brannstasjon.410","brannstasjon":"Høylandet","brannvesen":"Namdal brann og redningsvesen","stasjonstype":"H","kasernert":"IK","opphav":"DSB","informasjon":""},"geometry":{"type":"Point","coordinates":[12.296518,64.62391]}},
    {"type":"Feature","id":"brannstasjon.411","properties":{"id":"brannstasjon.411","brannstasjon":"Frosta","brannvesen":"Levanger og Frosta","stasjonstype":"H","kasernert":"IK","opphav":"DSB","informasjon":""},"geometry":{"type":"Point","coordinates":[10.738157,63.588661]}},
    {"type":"Feature","id":"brannstasjon.412","properties":{"id":"brannstasjon.412","brannstasjon":"Nesbyen","brannvesen":"Hallingdal brann og redning","stasjonstype":"L","kasernert":"IK","opphav":"DSB","informasjon":""},"geometry":{"type":"Point","coordinates":[9.097566,60.571584]}},
    {"type":"Feature","id":"brannstasjon.413","properties":{"id":"brannstasjon.413","brannstasjon":"Spydeberg","brannvesen":"Indre Østfold brann og redning IKS","stasjonstype":"H","kasernert":"IK","opphav":"DSB","informasjon":""},"geometry":{"type":"Point","coordinates":[11.044804,59.619566]}},
    {"type":"Feature","id":"brannstasjon.414","properties":{"id":"brannstasjon.414","brannstasjon":"Fredrikstad","brannvesen":"Fredrikstad brann- og redningskorps","stasjonstype":"H","kasernert":"DN","opphav":"DSB","informasjon":""},"geometry":{"type":"Point","coordinates":[10.94468,59.210327]}},
    {"type":"Feature","id":"brannstasjon.415","properties":{"id":"brannstasjon.415","brannstasjon":"Ågotnes","brannvesen":"Øygarden brann og redning KF","stasjonstype":"H","kasernert":"IK","opphav":"DSB","informasjon":""},"geometry":{"type":"Point","coordinates":[5.005044,60.409346]}},
    {"type":"Feature","id":"brannstasjon.416","properties":{"id":"brannstasjon.416","brannstasjon":"Dalsneset","brannvesen":"Øygarden brann og redning KF","stasjonstype":"H","kasernert":"IK","opphav":"DSB","informasjon":""},"geometry":{"type":"Point","coordinates":[4.870193,60.55247]}},
    {"type":"Feature","id":"brannstasjon.417","properties":{"id":"brannstasjon.417","brannstasjon":"Grindaheim","brannvesen":"Valdres brann- og redningstjeneste IKS","stasjonstype":"L","kasernert":"IK","opphav":"DSB","informasjon":""},"geometry":{"type":"Point","coordinates":[8.587241,61.128383]}},
    {"type":"Feature","id":"brannstasjon.418","properties":{"id":"brannstasjon.418","brannstasjon":"Ryfoss","brannvesen":"Valdres brann- og redningstjeneste IKS","stasjonstype":"L","kasernert":"IK","opphav":"DSB","informasjon":""},"geometry":{"type":"Point","coordinates":[8.824262,61.136706]}},
    {"type":"Feature","id":"brannstasjon.419","properties":{"id":"brannstasjon.419","brannstasjon":"Heggenes","brannvesen":"Valdres brann- og redningstjeneste IKS","stasjonstype":"H","kasernert":"IK","opphav":"DSB","informasjon":""},"geometry":{"type":"Point","coordinates":[9.071555,61.143368]}},
    {"type":"Feature","id":"brannstasjon.420","properties":{"id":"brannstasjon.420","brannstasjon":"Hedalen","brannvesen":"Valdres brann- og redningstjeneste IKS","stasjonstype":"L","kasernert":"IK","opphav":"DSB","informasjon":""},"geometry":{"type":"Point","coordinates":[9.717325,60.621932]}},
    {"type":"Feature","id":"brannstasjon.421","properties":{"id":"brannstasjon.421","brannstasjon":"Beitostølen","brannvesen":"Valdres brann- og redningstjeneste IKS","stasjonstype":"L","kasernert":"IK","opphav":"DSB","informasjon":""},"geometry":{"type":"Point","coordinates":[8.922986,61.239931]}},
    {"type":"Feature","id":"brannstasjon.422","properties":{"id":"brannstasjon.422","brannstasjon":"Bagn","brannvesen":"Valdres brann- og redningstjeneste IKS","stasjonstype":"H","kasernert":"IK","opphav":"DSB","informasjon":""},"geometry":{"type":"Point","coordinates":[9.545402,60.824316]}},
    {"type":"Feature","id":"brannstasjon.423","properties":{"id":"brannstasjon.423","brannstasjon":"Begna","brannvesen":"Valdres brann- og redningstjeneste IKS","stasjonstype":"L","kasernert":"IK","opphav":"DSB","informasjon":""},"geometry":{"type":"Point","coordinates":[9.881639,60.643538]}},
    {"type":"Feature","id":"brannstasjon.424","properties":{"id":"brannstasjon.424","brannstasjon":"Bruflat","brannvesen":"Valdres brann- og redningstjeneste IKS","stasjonstype":"L","kasernert":"IK","opphav":"DSB","informasjon":""},"geometry":{"type":"Point","coordinates":[9.64113,60.886275]}},
    {"type":"Feature","id":"brannstasjon.425","properties":{"id":"brannstasjon.425","brannstasjon":"Røn","brannvesen":"Valdres brann- og redningstjeneste IKS","stasjonstype":"L","kasernert":"IK","opphav":"DSB","informasjon":""},"geometry":{"type":"Point","coordinates":[9.053647,61.032014]}},
    {"type":"Feature","id":"brannstasjon.426","properties":{"id":"brannstasjon.426","brannstasjon":"Ulsteinvik","brannvesen":"Hareid og Ulstein brannvesen","stasjonstype":"H","kasernert":"IK","opphav":"DSB","informasjon":""},"geometry":{"type":"Point","coordinates":[5.861301,62.340436]}},
    {"type":"Feature","id":"brannstasjon.427","properties":{"id":"brannstasjon.427","brannstasjon":"Ramberg","brannvesen":"Lofoten brann- og redningsvesen","stasjonstype":"H","kasernert":"IK","opphav":"DSB","informasjon":""},"geometry":{"type":"Point","coordinates":[13.228962,68.089614]}},
    {"type":"Feature","id":"brannstasjon.428","properties":{"id":"brannstasjon.428","brannstasjon":"Stamsund","brannvesen":"Lofoten brann- og redningsvesen","stasjonstype":"L","kasernert":"IK","opphav":"DSB","informasjon":""},"geometry":{"type":"Point","coordinates":[13.842653,68.131783]}},
    {"type":"Feature","id":"brannstasjon.429","properties":{"id":"brannstasjon.429","brannstasjon":"Matre","brannvesen":"Gulen og Masfjorden brann og redning","stasjonstype":"L","kasernert":"IK","opphav":"DSB","informasjon":""},"geometry":{"type":"Point","coordinates":[5.590509,60.874859]}},
    {"type":"Feature","id":"brannstasjon.430","properties":{"id":"brannstasjon.430","brannstasjon":"Eivindvik","brannvesen":"Gulen og Masfjorden brann og redning","stasjonstype":"L","kasernert":"IK","opphav":"DSB","informasjon":""},"geometry":{"type":"Point","coordinates":[5.071678,60.981137]}},
    {"type":"Feature","id":"brannstasjon.431","properties":{"id":"brannstasjon.431","brannstasjon":"Brekke","brannvesen":"Gulen og Masfjorden brann og redning","stasjonstype":"L","kasernert":"IK","opphav":"DSB","informasjon":""},"geometry":{"type":"Point","coordinates":[5.462041,61.014335]}},
    {"type":"Feature","id":"brannstasjon.432","properties":{"id":"brannstasjon.432","brannstasjon":"Knarvik","brannvesen":"Nordhordland brann og redning","stasjonstype":"H","kasernert":"DA","opphav":"DSB","informasjon":""},"geometry":{"type":"Point","coordinates":[5.254082,60.560152]}},
    {"type":"Feature","id":"brannstasjon.433","properties":{"id":"brannstasjon.433","brannstasjon":"Værøy","brannvesen":"Salten Brann IKS","stasjonstype":"H","kasernert":"IK","opphav":"DSB","informasjon":""},"geometry":{"type":"Point","coordinates":[12.688139,67.66394]}},
    {"type":"Feature","id":"brannstasjon.434","properties":{"id":"brannstasjon.434","brannstasjon":"Ålen","brannvesen":"Rørosregionen brann og redning","stasjonstype":"L","kasernert":"IK","opphav":"DSB","informasjon":""},"geometry":{"type":"Point","coordinates":[11.302314,62.838491]}},
    {"type":"Feature","id":"brannstasjon.435","properties":{"id":"brannstasjon.435","brannstasjon":"Åmot","brannvesen":"Vest-Telemark","stasjonstype":"H","kasernert":"IK","opphav":"DSB","informasjon":""},"geometry":{"type":"Point","coordinates":[8.00173,59.566233]}},
    {"type":"Feature","id":"brannstasjon.436","properties":{"id":"brannstasjon.436","brannstasjon":"Brønnøysund","brannvesen":"Brønnøy brann- og redningstjeneste","stasjonstype":"H","kasernert":"IK","opphav":"DSB","informasjon":""},"geometry":{"type":"Point","coordinates":[12.212866,65.461642]}},
    {"type":"Feature","id":"brannstasjon.437","properties":{"id":"brannstasjon.437","brannstasjon":"Gratangsbotn","brannvesen":"Ofoten Brann IKS","stasjonstype":"L","kasernert":"IK","opphav":"DSB","informasjon":""},"geometry":{"type":"Point","coordinates":[17.698576,68.672412]}},
    {"type":"Feature","id":"brannstasjon.438","properties":{"id":"brannstasjon.438","brannstasjon":"Sandefjord","brannvesen":"Sandefjord og Larvik","stasjonstype":"H","kasernert":"DN","opphav":"DSB","informasjon":""},"geometry":{"type":"Point","coordinates":[10.214556,59.132106]}},
    {"type":"Feature","id":"brannstasjon.439","properties":{"id":"brannstasjon.439","brannstasjon":"Vardø","brannvesen":"Vardø brann- og redningskorps","stasjonstype":"H","kasernert":"IK","opphav":"DSB","informasjon":""},"geometry":{"type":"Point","coordinates":[31.11416,70.372377]}},
    {"type":"Feature","id":"brannstasjon.440","properties":{"id":"brannstasjon.440","brannstasjon":"Vadsø","brannvesen":"Vadsø brannvesen","stasjonstype":"H","kasernert":"DA","opphav":"DSB","informasjon":""},"geometry":{"type":"Point","coordinates":[29.704288,70.082456]}},
    {"type":"Feature","id":"brannstasjon.441","properties":{"id":"brannstasjon.441","brannstasjon":"Lebesby","brannvesen":"Lebesby Brannvesen","stasjonstype":"L","kasernert":"IK","opphav":"DSB","informasjon":""},"geometry":{"type":"Point","coordinates":[27.011092,70.564433]}},
    {"type":"Feature","id":"brannstasjon.442","properties":{"id":"brannstasjon.442","brannstasjon":"Kjøllefjord","brannvesen":"Lebesby Brannvesen","stasjonstype":"H","kasernert":"IK","opphav":"DSB","informasjon":""},"geometry":{"type":"Point","coordinates":[27.336412,70.946068]}},
    {"type":"Feature","id":"brannstasjon.443","properties":{"id":"brannstasjon.443","brannstasjon":"Vannvåg","brannvesen":"Tromsø og Karlsøy","stasjonstype":"L","kasernert":"IK","opphav":"DSB","informasjon":""},"geometry":{"type":"Point","coordinates":[19.978752,70.072488]}},
    {"type":"Feature","id":"brannstasjon.444","properties":{"id":"brannstasjon.444","brannstasjon":"Hansnes","brannvesen":"Tromsø og Karlsøy","stasjonstype":"H","kasernert":"IK","opphav":"DSB","informasjon":""},"geometry":{"type":"Point","coordinates":[19.614936,69.95982]}},
    {"type":"Feature","id":"brannstasjon.445","properties":{"id":"brannstasjon.445","brannstasjon":"Olderdalen","brannvesen":"Lyngenfjord brann og redning","stasjonstype":"H","kasernert":"IK","opphav":"DSB","informasjon":""},"geometry":{"type":"Point","coordinates":[20.532106,69.604876]}},
    {"type":"Feature","id":"brannstasjon.446","properties":{"id":"brannstasjon.446","brannstasjon":"Furuflaten","brannvesen":"Lyngenfjord brann og redning","stasjonstype":"L","kasernert":"IK","opphav":"DSB","informasjon":""},"geometry":{"type":"Point","coordinates":[20.154844,69.441551]}},
    {"type":"Feature","id":"brannstasjon.447","properties":{"id":"brannstasjon.447","brannstasjon":"Lyngseidet","brannvesen":"Lyngenfjord brann og redning","stasjonstype":"H","kasernert":"IK","opphav":"DSB","informasjon":""},"geometry":{"type":"Point","coordinates":[20.189129,69.574421]}},
    {"type":"Feature","id":"brannstasjon.448","properties":{"id":"brannstasjon.448","brannstasjon":"Engenes","brannvesen":"Harstad brann og redning","stasjonstype":"L","kasernert":"IK","opphav":"DSB","informasjon":""},"geometry":{"type":"Point","coordinates":[17.124311,68.92658]}},
    {"type":"Feature","id":"brannstasjon.449","properties":{"id":"brannstasjon.449","brannstasjon":"Røros","brannvesen":"Rørosregionen brann og redning","stasjonstype":"H","kasernert":"IK","opphav":"DSB","informasjon":""},"geometry":{"type":"Point","coordinates":[11.370087,62.56564]}},
    {"type":"Feature","id":"brannstasjon.450","properties":{"id":"brannstasjon.450","brannstasjon":"Melbu","brannvesen":"Hadsel brann og redning","stasjonstype":"L","kasernert":"IK","opphav":"DSB","informasjon":""},"geometry":{"type":"Point","coordinates":[14.801734,68.500802]}},
    {"type":"Feature","id":"brannstasjon.451","properties":{"id":"brannstasjon.451","brannstasjon":"Fauske","brannvesen":"Salten Brann IKS","stasjonstype":"L","kasernert":"IK","opphav":"DSB","informasjon":""},"geometry":{"type":"Point","coordinates":[15.385762,67.257521]}},
    {"type":"Feature","id":"brannstasjon.452","properties":{"id":"brannstasjon.452","brannstasjon":"Fornebu","brannvesen":"Asker og Bærum brann og redning IKS","stasjonstype":"L","kasernert":"DN","opphav":"DSB","informasjon":""},"geometry":{"type":"Point","coordinates":[10.623011,59.899761]}},
    {"type":"Feature","id":"brannstasjon.453","properties":{"id":"brannstasjon.453","brannstasjon":"Meløya","brannvesen":"Salten Brann IKS","stasjonstype":"L","kasernert":"IK","opphav":"DSB","informasjon":""},"geometry":{"type":"Point","coordinates":[13.40915,66.822896]}},
    {"type":"Feature","id":"brannstasjon.454","properties":{"id":"brannstasjon.454","brannstasjon":"Tjongsfjord","brannvesen":"Rødøy brannvesen","stasjonstype":"H","kasernert":"IK","opphav":"DSB","informasjon":""},"geometry":{"type":"Point","coordinates":[13.423008,66.694676]}},
    {"type":"Feature","id":"brannstasjon.455","properties":{"id":"brannstasjon.455","brannstasjon":"Roan","brannvesen":"Fosen Brann og Redningstjeneste IKS","stasjonstype":"L","kasernert":"IK","opphav":"DSB","informasjon":""},"geometry":{"type":"Point","coordinates":[10.2287,64.170543]}},
    {"type":"Feature","id":"brannstasjon.456","properties":{"id":"brannstasjon.456","brannstasjon":"Sistranda","brannvesen":"Trøndelag brann- og redningstjeneste IKS","stasjonstype":"H","kasernert":"IK","opphav":"DSB","informasjon":""},"geometry":{"type":"Point","coordinates":[8.836236,63.737913]}},
    {"type":"Feature","id":"brannstasjon.457","properties":{"id":"brannstasjon.457","brannstasjon":"Fillan","brannvesen":"Brann og redning Orkland","stasjonstype":"H","kasernert":"IK","opphav":"DSB","informasjon":""},"geometry":{"type":"Point","coordinates":[8.968818,63.600132]}},
    {"type":"Feature","id":"brannstasjon.458","properties":{"id":"brannstasjon.458","brannstasjon":"Sandstad","brannvesen":"Brann og redning Orkland","stasjonstype":"L","kasernert":"IK","opphav":"DSB","informasjon":""},"geometry":{"type":"Point","coordinates":[9.107048,63.522094]}},
    {"type":"Feature","id":"brannstasjon.459","properties":{"id":"brannstasjon.459","brannstasjon":"Melhus","brannvesen":"Gauldal Brann og Redning IKS","stasjonstype":"L","kasernert":"IK","opphav":"DSB","informasjon":""},"geometry":{"type":"Point","coordinates":[10.286011,63.284971]}},
    {"type":"Feature","id":"brannstasjon.460","properties":{"id":"brannstasjon.460","brannstasjon":"Lundamo","brannvesen":"Gauldal Brann og Redning IKS","stasjonstype":"L","kasernert":"IK","opphav":"DSB","informasjon":""},"geometry":{"type":"Point","coordinates":[10.288457,63.154257]}},
    {"type":"Feature","id":"brannstasjon.461","properties":{"id":"brannstasjon.461","brannstasjon":"Støren","brannvesen":"Gauldal Brann og Redning IKS","stasjonstype":"L","kasernert":"IK","opphav":"DSB","informasjon":""},"geometry":{"type":"Point","coordinates":[10.289291,63.040818]}},
    {"type":"Feature","id":"brannstasjon.462","properties":{"id":"brannstasjon.462","brannstasjon":"Aukra","brannvesen":"Nordmøre og Romsdal brann og redning IKS","stasjonstype":"H","kasernert":"IK","opphav":"DSB","informasjon":""},"geometry":{"type":"Point","coordinates":[6.885532,62.805412]}},
    {"type":"Feature","id":"brannstasjon.463","properties":{"id":"brannstasjon.463","brannstasjon":"Batnfjord","brannvesen":"Nordmøre og Romsdal brann og redning IKS","stasjonstype":"H","kasernert":"IK","opphav":"DSB","informasjon":""},"geometry":{"type":"Point","coordinates":[7.681918,62.894306]}},
    {"type":"Feature","id":"brannstasjon.464","properties":{"id":"brannstasjon.464","brannstasjon":"Åfarnes","brannvesen":"Nordmøre og Romsdal brann og redning IKS","stasjonstype":"L","kasernert":"IK","opphav":"DSB","informasjon":""},"geometry":{"type":"Point","coordinates":[7.502306,62.661593]}},
    {"type":"Feature","id":"brannstasjon.465","properties":{"id":"brannstasjon.465","brannstasjon":"Måndalen","brannvesen":"Nordmøre og Romsdal brann og redning IKS","stasjonstype":"L","kasernert":"IK","opphav":"DSB","informasjon":""},"geometry":{"type":"Point","coordinates":[7.427462,62.526199]}},
    {"type":"Feature","id":"brannstasjon.466","properties":{"id":"brannstasjon.466","brannstasjon":"Skodje","brannvesen":"Ålesund brannvesen KF","stasjonstype":"H","kasernert":"IK","opphav":"DSB","informasjon":""},"geometry":{"type":"Point","coordinates":[6.681329,62.505198]}},
    {"type":"Feature","id":"brannstasjon.467","properties":{"id":"brannstasjon.467","brannstasjon":"Sykkylven","brannvesen":"Sykkylven brann- og redningskorps","stasjonstype":"H","kasernert":"IK","opphav":"DSB","informasjon":""},"geometry":{"type":"Point","coordinates":[6.591947,62.391972]}},
    {"type":"Feature","id":"brannstasjon.468","properties":{"id":"brannstasjon.468","brannstasjon":"Valldal","brannvesen":"Stranda og Fjord Brannvesen","stasjonstype":"H","kasernert":"IK","opphav":"DSB","informasjon":""},"geometry":{"type":"Point","coordinates":[7.256901,62.306972]}},
    {"type":"Feature","id":"brannstasjon.469","properties":{"id":"brannstasjon.469","brannstasjon":"Eidsdal","brannvesen":"Stranda og Fjord Brannvesen","stasjonstype":"L","kasernert":"IK","opphav":"DSB","informasjon":""},"geometry":{"type":"Point","coordinates":[7.161095,62.252957]}},
    {"type":"Feature","id":"brannstasjon.470","properties":{"id":"brannstasjon.470","brannstasjon":"Geiranger","brannvesen":"Stranda og Fjord Brannvesen","stasjonstype":"L","kasernert":"IK","opphav":"DSB","informasjon":""},"geometry":{"type":"Point","coordinates":[7.21656,62.092757]}},
    {"type":"Feature","id":"brannstasjon.471","properties":{"id":"brannstasjon.471","brannstasjon":"Davik","brannvesen":"Bremanger brannvern","stasjonstype":"L","kasernert":"IK","opphav":"DSB","informasjon":""},"geometry":{"type":"Point","coordinates":[5.539761,61.888319]}},
    {"type":"Feature","id":"brannstasjon.472","properties":{"id":"brannstasjon.472","brannstasjon":"Årdal","brannvesen":"Hjelmeland brannvesen","stasjonstype":"L","kasernert":"IK","opphav":"DSB","informasjon":""},"geometry":{"type":"Point","coordinates":[6.157527,59.150608]}},
    {"type":"Feature","id":"brannstasjon.473","properties":{"id":"brannstasjon.473","brannstasjon":"Oltedal","brannvesen":"Rogaland brann og redning IKS","stasjonstype":"L","kasernert":"IK","opphav":"DSB","informasjon":""},"geometry":{"type":"Point","coordinates":[6.061795,58.833358]}},
    {"type":"Feature","id":"brannstasjon.474","properties":{"id":"brannstasjon.474","brannstasjon":"Hemsedal","brannvesen":"Hallingdal brann og redning","stasjonstype":"L","kasernert":"IK","opphav":"DSB","informasjon":""},"geometry":{"type":"Point","coordinates":[8.568024,60.860196]}},
    {"type":"Feature","id":"brannstasjon.475","properties":{"id":"brannstasjon.475","brannstasjon":"Åseral","brannvesen":"Brannvesenet Sør IKS","stasjonstype":"L","kasernert":"IK","opphav":"DSB","informasjon":""},"geometry":{"type":"Point","coordinates":[7.411463,58.617677]}},
    {"type":"Feature","id":"brannstasjon.476","properties":{"id":"brannstasjon.476","brannstasjon":"Bygland","brannvesen":"Setesdal Brannvesen IKS","stasjonstype":"L","kasernert":"IK","opphav":"DSB","informasjon":""},"geometry":{"type":"Point","coordinates":[7.800241,58.834775]}},
    {"type":"Feature","id":"brannstasjon.477","properties":{"id":"brannstasjon.477","brannstasjon":"Marnardal","brannvesen":"Brannvesenet Sør IKS","stasjonstype":"L","kasernert":"IK","opphav":"DSB","informasjon":""},"geometry":{"type":"Point","coordinates":[7.511725,58.218232]}},
    {"type":"Feature","id":"brannstasjon.478","properties":{"id":"brannstasjon.478","brannstasjon":"Vennesla","brannvesen":"Kristiansandsregionen BR","stasjonstype":"L","kasernert":"IK","opphav":"DSB","informasjon":""},"geometry":{"type":"Point","coordinates":[7.964638,58.265518]}},
    {"type":"Feature","id":"brannstasjon.479","properties":{"id":"brannstasjon.479","brannstasjon":"Jessheim","brannvesen":"Øvre Romerike brann og redning IKS","stasjonstype":"H","kasernert":"DN","opphav":"DSB","informasjon":""},"geometry":{"type":"Point","coordinates":[11.182846,60.147877]}},
    {"type":"Feature","id":"brannstasjon.480","properties":{"id":"brannstasjon.480","brannstasjon":"Hov","brannvesen":"Nordre og Søndre land","stasjonstype":"H","kasernert":"IK","opphav":"DSB","informasjon":""},"geometry":{"type":"Point","coordinates":[10.358216,60.690143]}},
    {"type":"Feature","id":"brannstasjon.481","properties":{"id":"brannstasjon.481","brannstasjon":"Gran","brannvesen":"Lunner og Gran brann og redning","stasjonstype":"H","kasernert":"DA","opphav":"DSB","informasjon":""},"geometry":{"type":"Point","coordinates":[10.576622,60.350421]}},
    {"type":"Feature","id":"brannstasjon.482","properties":{"id":"brannstasjon.482","brannstasjon":"Sommarøy","brannvesen":"Tromsø og Karlsøy","stasjonstype":"L","kasernert":"IK","opphav":"DSB","informasjon":""},"geometry":{"type":"Point","coordinates":[17.994832,69.63414]}},
    {"type":"Feature","id":"brannstasjon.483","properties":{"id":"brannstasjon.483","brannstasjon":"Henningsvær","brannvesen":"Vågan brannvesen","stasjonstype":"L","kasernert":"IK","opphav":"DSB","informasjon":""},"geometry":{"type":"Point","coordinates":[14.198768,68.151112]}},
    {"type":"Feature","id":"brannstasjon.484","properties":{"id":"brannstasjon.484","brannstasjon":"Meistervik","brannvesen":"Senja brann og redning","stasjonstype":"L","kasernert":"IK","opphav":"DSB","informasjon":""},"geometry":{"type":"Point","coordinates":[18.890125,69.33341]}},
    {"type":"Feature","id":"brannstasjon.485","properties":{"id":"brannstasjon.485","brannstasjon":"Kvitsøy","brannvesen":"Rogaland brann og redning IKS","stasjonstype":"L","kasernert":"IK","opphav":"DSB","informasjon":""},"geometry":{"type":"Point","coordinates":[5.41379,59.062763]}},
    {"type":"Feature","id":"brannstasjon.486","properties":{"id":"brannstasjon.486","brannstasjon":"Skjold","brannvesen":"Haugaland brann og redning IKS","stasjonstype":"L","kasernert":"IK","opphav":"DSB","informasjon":""},"geometry":{"type":"Point","coordinates":[5.594406,59.504717]}},
    {"type":"Feature","id":"brannstasjon.487","properties":{"id":"brannstasjon.487","brannstasjon":"Aksdal","brannvesen":"Haugaland brann og redning IKS","stasjonstype":"H","kasernert":"IK","opphav":"DSB","informasjon":""},"geometry":{"type":"Point","coordinates":[5.448344,59.421431]}},
    {"type":"Feature","id":"brannstasjon.488","properties":{"id":"brannstasjon.488","brannstasjon":"Nedstrand","brannvesen":"Haugaland brann og redning IKS","stasjonstype":"L","kasernert":"IK","opphav":"DSB","informasjon":""},"geometry":{"type":"Point","coordinates":[5.7928,59.3498]}},
    {"type":"Feature","id":"brannstasjon.489","properties":{"id":"brannstasjon.489","brannstasjon":"Kopervik","brannvesen":"Haugaland brann og redning IKS","stasjonstype":"H","kasernert":"IK","opphav":"DSB","informasjon":""},"geometry":{"type":"Point","coordinates":[5.300166,59.280608]}},
    {"type":"Feature","id":"brannstasjon.490","properties":{"id":"brannstasjon.490","brannstasjon":"Skudenes","brannvesen":"Haugaland brann og redning IKS","stasjonstype":"L","kasernert":"IK","opphav":"DSB","informasjon":""},"geometry":{"type":"Point","coordinates":[5.251051,59.152087]}},
    {"type":"Feature","id":"brannstasjon.491","properties":{"id":"brannstasjon.491","brannstasjon":"Sveio","brannvesen":"Haugaland brann og redning IKS","stasjonstype":"H","kasernert":"IK","opphav":"DSB","informasjon":""},"geometry":{"type":"Point","coordinates":[5.365206,59.547794]}},
    {"type":"Feature","id":"brannstasjon.492","properties":{"id":"brannstasjon.492","brannstasjon":"Hol","brannvesen":"Hol brann og redning","stasjonstype":"L","kasernert":"IK","opphav":"DSB","informasjon":""},"geometry":{"type":"Point","coordinates":[8.274808,60.613184]}},
    {"type":"Feature","id":"brannstasjon.493","properties":{"id":"brannstasjon.493","brannstasjon":"Tofte","brannvesen":"Asker og Bærum brann og redning IKS","stasjonstype":"H","kasernert":"DA","opphav":"DSB","informasjon":""},"geometry":{"type":"Point","coordinates":[10.562722,59.549931]}},
    {"type":"Feature","id":"brannstasjon.494","properties":{"id":"brannstasjon.494","brannstasjon":"Røyken","brannvesen":"Asker og Bærum brann og redning IKS","stasjonstype":"H","kasernert":"DN","opphav":"DSB","informasjon":""},"geometry":{"type":"Point","coordinates":[10.414287,59.740287]}},
    {"type":"Feature","id":"brannstasjon.495","properties":{"id":"brannstasjon.495","brannstasjon":"Eikelandsosen","brannvesen":"Bjørnafjorden brann- og redningsvesen","stasjonstype":"H","kasernert":"IK","opphav":"DSB","informasjon":""},"geometry":{"type":"Point","coordinates":[5.740929,60.244923]}},
    {"type":"Feature","id":"brannstasjon.496","properties":{"id":"brannstasjon.496","brannstasjon":"Venjaneset","brannvesen":"Bjørnafjorden brann- og redningsvesen","stasjonstype":"L","kasernert":"IK","opphav":"DSB","informasjon":""},"geometry":{"type":"Point","coordinates":[5.603511,60.201267]}},
    {"type":"Feature","id":"brannstasjon.497","properties":{"id":"brannstasjon.497","brannstasjon":"Skotterud","brannvesen":"Glåmdal","stasjonstype":"H","kasernert":"IK","opphav":"DSB","informasjon":""},"geometry":{"type":"Point","coordinates":[12.1282,59.98238]}},
    {"type":"Feature","id":"brannstasjon.498","properties":{"id":"brannstasjon.498","brannstasjon":"Kvalsund","brannvesen":"Hammerfest brann og redning","stasjonstype":"H","kasernert":"IK","opphav":"DSB","informasjon":""},"geometry":{"type":"Point","coordinates":[23.97865,70.504439]}},
    {"type":"Feature","id":"brannstasjon.499","properties":{"id":"brannstasjon.499","brannstasjon":"Liabø","brannvesen":"Heim brann- og redningsvesen","stasjonstype":"H","kasernert":"IK","opphav":"DSB","informasjon":""},"geometry":{"type":"Point","coordinates":[8.31874,63.119185]}},
    {"type":"Feature","id":"brannstasjon.500","properties":{"id":"brannstasjon.500","brannstasjon":"Myrvåg","brannvesen":"Herøy brannvern","stasjonstype":"L","kasernert":"IK","opphav":"DSB","informasjon":""},"geometry":{"type":"Point","coordinates":[5.820931,62.280293]}},
    {"type":"Feature","id":"brannstasjon.501","properties":{"id":"brannstasjon.501","brannstasjon":"Elnesvågen","brannvesen":"Hustadvika brannvesen","stasjonstype":"H","kasernert":"IK","opphav":"DSB","informasjon":""},"geometry":{"type":"Point","coordinates":[7.133455,62.854793]}},
    {"type":"Feature","id":"brannstasjon.502","properties":{"id":"brannstasjon.502","brannstasjon":"Bud","brannvesen":"Hustadvika brannvesen","stasjonstype":"L","kasernert":"IK","opphav":"DSB","informasjon":""},"geometry":{"type":"Point","coordinates":[6.918787,62.906395]}},
    {"type":"Feature","id":"brannstasjon.503","properties":{"id":"brannstasjon.503","brannstasjon":"Eide","brannvesen":"Hustadvika brannvesen","stasjonstype":"H","kasernert":"IK","opphav":"DSB","informasjon":""},"geometry":{"type":"Point","coordinates":[7.421173,62.910637]}},
    {"type":"Feature","id":"brannstasjon.504","properties":{"id":"brannstasjon.504","brannstasjon":"Florø","brannvesen":"Kinn brannvesen","stasjonstype":"H","kasernert":"DA","opphav":"DSB","informasjon":""},"geometry":{"type":"Point","coordinates":[5.03778,61.600308]}},
    {"type":"Feature","id":"brannstasjon.505","properties":{"id":"brannstasjon.505","brannstasjon":"Eikefjord","brannvesen":"Kinn brannvesen","stasjonstype":"L","kasernert":"IK","opphav":"DSB","informasjon":""},"geometry":{"type":"Point","coordinates":[5.460803,61.587833]}},
    {"type":"Feature","id":"brannstasjon.506","properties":{"id":"brannstasjon.506","brannstasjon":"Jøa","brannvesen":"Namsos brann og redning","stasjonstype":"H","kasernert":"IK","opphav":"DSB","informasjon":""},"geometry":{"type":"Point","coordinates":[11.265989,64.659454]}},
    {"type":"Feature","id":"brannstasjon.507","properties":{"id":"brannstasjon.507","brannstasjon":"Namdalseid","brannvesen":"Namsos brann og redning","stasjonstype":"L","kasernert":"IK","opphav":"DSB","informasjon":""},"geometry":{"type":"Point","coordinates":[11.212524,64.228966]}},
    {"type":"Feature","id":"brannstasjon.508","properties":{"id":"brannstasjon.508","brannstasjon":"Aure","brannvesen":"Nordmøre BR","stasjonstype":"H","kasernert":"IK","opphav":"DSB","informasjon":""},"geometry":{"type":"Point","coordinates":[8.535078,63.279379]}},
    {"type":"Feature","id":"brannstasjon.509","properties":{"id":"brannstasjon.509","brannstasjon":"Tustna","brannvesen":"Nordmøre BR","stasjonstype":"L","kasernert":"IK","opphav":"DSB","informasjon":""},"geometry":{"type":"Point","coordinates":[8.039713,63.205713]}},
    {"type":"Feature","id":"brannstasjon.510","properties":{"id":"brannstasjon.510","brannstasjon":"Kristiansund","brannvesen":"Nordmøre BR","stasjonstype":"H","kasernert":"DN","opphav":"DSB","informasjon":""},"geometry":{"type":"Point","coordinates":[7.750449,63.116198]}},
    {"type":"Feature","id":"brannstasjon.511","properties":{"id":"brannstasjon.511","brannstasjon":"Bruhagen","brannvesen":"Nordmøre BR","stasjonstype":"L","kasernert":"IK","opphav":"DSB","informasjon":""},"geometry":{"type":"Point","coordinates":[7.633017,63.048503]}},
    {"type":"Feature","id":"brannstasjon.512","properties":{"id":"brannstasjon.512","brannstasjon":"Langøya","brannvesen":"Nordmøre BR","stasjonstype":"H","kasernert":"IK","opphav":"DSB","informasjon":""},"geometry":{"type":"Point","coordinates":[7.495227,63.063491]}},
    {"type":"Feature","id":"brannstasjon.513","properties":{"id":"brannstasjon.513","brannstasjon":"Lensvik","brannvesen":"Brann og redning Orkland","stasjonstype":"H","kasernert":"IK","opphav":"DSB","informasjon":""},"geometry":{"type":"Point","coordinates":[9.830061,63.501591]}},
    {"type":"Feature","id":"brannstasjon.514","properties":{"id":"brannstasjon.514","brannstasjon":"Orkdal","brannvesen":"Brann og redning Orkland","stasjonstype":"H","kasernert":"DA","opphav":"DSB","informasjon":""},"geometry":{"type":"Point","coordinates":[9.836165,63.296273]}},
    {"type":"Feature","id":"brannstasjon.515","properties":{"id":"brannstasjon.515","brannstasjon":"Børsa","brannvesen":"Brann og redning Orkland","stasjonstype":"H","kasernert":"IK","opphav":"DSB","informasjon":""},"geometry":{"type":"Point","coordinates":[10.067387,63.323768]}},
    {"type":"Feature","id":"brannstasjon.516","properties":{"id":"brannstasjon.516","brannstasjon":"Meldal","brannvesen":"Brann og redning Orkland","stasjonstype":"H","kasernert":"IK","opphav":"DSB","informasjon":""},"geometry":{"type":"Point","coordinates":[9.71373,63.044908]}},
    {"type":"Feature","id":"brannstasjon.517","properties":{"id":"brannstasjon.517","brannstasjon":"Forsand","brannvesen":"Rogaland brann og redning IKS","stasjonstype":"H","kasernert":"IK","opphav":"DSB","informasjon":""},"geometry":{"type":"Point","coordinates":[6.097404,58.898836]}},
    {"type":"Feature","id":"brannstasjon.518","properties":{"id":"brannstasjon.518","brannstasjon":"Jørpeland","brannvesen":"Rogaland brann og redning IKS","stasjonstype":"H","kasernert":"IK","opphav":"DSB","informasjon":""},"geometry":{"type":"Point","coordinates":[6.030998,59.021169]}},
    {"type":"Feature","id":"brannstasjon.519","properties":{"id":"brannstasjon.519","brannstasjon":"Skaland","brannvesen":"Senja brann og redning","stasjonstype":"H","kasernert":"IK","opphav":"DSB","informasjon":""},"geometry":{"type":"Point","coordinates":[17.297371,69.44432]}},
    {"type":"Feature","id":"brannstasjon.520","properties":{"id":"brannstasjon.520","brannstasjon":"Senjahopen","brannvesen":"Senja brann og redning","stasjonstype":"L","kasernert":"IK","opphav":"DSB","informasjon":""},"geometry":{"type":"Point","coordinates":[17.486706,69.488971]}},
    {"type":"Feature","id":"brannstasjon.521","properties":{"id":"brannstasjon.521","brannstasjon":"Finnsnes","brannvesen":"Senja brann og redning","stasjonstype":"H","kasernert":"IK","opphav":"DSB","informasjon":""},"geometry":{"type":"Point","coordinates":[17.994525,69.231426]}},
    {"type":"Feature","id":"brannstasjon.522","properties":{"id":"brannstasjon.522","brannstasjon":"Gibostad","brannvesen":"Senja brann og redning","stasjonstype":"L","kasernert":"IK","opphav":"DSB","informasjon":""},"geometry":{"type":"Point","coordinates":[18.076836,69.354471]}},
    {"type":"Feature","id":"brannstasjon.523","properties":{"id":"brannstasjon.523","brannstasjon":"Medby","brannvesen":"Senja brann og redning","stasjonstype":"L","kasernert":"IK","opphav":"DSB","informasjon":""},"geometry":{"type":"Point","coordinates":[17.072614,69.280482]}},
    {"type":"Feature","id":"brannstasjon.524","properties":{"id":"brannstasjon.524","brannstasjon":"Botnhamn","brannvesen":"Senja brann og redning","stasjonstype":"L","kasernert":"IK","opphav":"DSB","informasjon":""},"geometry":{"type":"Point","coordinates":[17.878393,69.500792]}},
    {"type":"Feature","id":"brannstasjon.525","properties":{"id":"brannstasjon.525","brannstasjon":"Gryllefjord","brannvesen":"Senja brann og redning","stasjonstype":"H","kasernert":"IK","opphav":"DSB","informasjon":""},"geometry":{"type":"Point","coordinates":[17.032296,69.362867]}},
    {"type":"Feature","id":"brannstasjon.526","properties":{"id":"brannstasjon.526","brannstasjon":"Rossfjordstraumen","brannvesen":"Senja brann og redning","stasjonstype":"L","kasernert":"IK","opphav":"DSB","informasjon":""},"geometry":{"type":"Point","coordinates":[18.303503,69.357398]}},
    {"type":"Feature","id":"brannstasjon.527","properties":{"id":"brannstasjon.527","brannstasjon":"Skei","brannvesen":"Sunnfjord brann- og feiervesen","stasjonstype":"H","kasernert":"IK","opphav":"DSB","informasjon":""},"geometry":{"type":"Point","coordinates":[6.479761,61.565804]}},
    {"type":"Feature","id":"brannstasjon.528","properties":{"id":"brannstasjon.528","brannstasjon":"Vassenden","brannvesen":"Sunnfjord brann- og feiervesen","stasjonstype":"H","kasernert":"IK","opphav":"DSB","informasjon":""},"geometry":{"type":"Point","coordinates":[6.069014,61.486543]}},
    {"type":"Feature","id":"brannstasjon.529","properties":{"id":"brannstasjon.529","brannstasjon":"Naustdal","brannvesen":"Sunnfjord brann- og feiervesen","stasjonstype":"H","kasernert":"IK","opphav":"DSB","informasjon":""},"geometry":{"type":"Point","coordinates":[5.717661,61.50758]}},
    {"type":"Feature","id":"brannstasjon.530","properties":{"id":"brannstasjon.530","brannstasjon":"Evenskjer","brannvesen":"Evenes og Tjeldsund brann og redning","stasjonstype":"H","kasernert":"IK","opphav":"DSB","informasjon":""},"geometry":{"type":"Point","coordinates":[16.566462,68.583599]}},
    {"type":"Feature","id":"brannstasjon.531","properties":{"id":"brannstasjon.531","brannstasjon":"Jondal","brannvesen":"Ullensvang brann og redning","stasjonstype":"H","kasernert":"IK","opphav":"DSB","informasjon":""},"geometry":{"type":"Point","coordinates":[6.246622,60.285428]}},
    {"type":"Feature","id":"brannstasjon.532","properties":{"id":"brannstasjon.532","brannstasjon":"Solfjellsjøen","brannvesen":"Ytre Helgeland brann og redning","stasjonstype":"H","kasernert":"IK","opphav":"DSB","informasjon":""},"geometry":{"type":"Point","coordinates":[12.475363,66.097312]}},
    {"type":"Feature","id":"brannstasjon.533","properties":{"id":"brannstasjon.533","brannstasjon":"Sandnessjøen","brannvesen":"Ytre Helgeland brann og redning","stasjonstype":"H","kasernert":"IK","opphav":"DSB","informasjon":""},"geometry":{"type":"Point","coordinates":[12.641753,66.023507]}},
    {"type":"Feature","id":"brannstasjon.534","properties":{"id":"brannstasjon.534","brannstasjon":"Leland","brannvesen":"Ytre Helgeland brann og redning","stasjonstype":"H","kasernert":"IK","opphav":"DSB","informasjon":""},"geometry":{"type":"Point","coordinates":[12.933573,66.064093]}},
    {"type":"Feature","id":"brannstasjon.535","properties":{"id":"brannstasjon.535","brannstasjon":"Tjøtta","brannvesen":"Ytre Helgeland brann og redning","stasjonstype":"L","kasernert":"IK","opphav":"DSB","informasjon":""},"geometry":{"type":"Point","coordinates":[12.425359,65.822586]}},
    {"type":"Feature","id":"brannstasjon.536","properties":{"id":"brannstasjon.536","brannstasjon":"Longva","brannvesen":"Ålesund brannvesen KF","stasjonstype":"L","kasernert":"IK","opphav":"DSB","informasjon":""},"geometry":{"type":"Point","coordinates":[6.272037,62.664381]}},
    {"type":"Feature","id":"brannstasjon.537","properties":{"id":"brannstasjon.537","brannstasjon":"Brattvåg","brannvesen":"Ålesund brannvesen KF","stasjonstype":"H","kasernert":"IK","opphav":"DSB","informasjon":""},"geometry":{"type":"Point","coordinates":[6.440356,62.605042]}},
    {"type":"Feature","id":"brannstasjon.538","properties":{"id":"brannstasjon.538","brannstasjon":"Haramsøy","brannvesen":"Ålesund brannvesen KF","stasjonstype":"L","kasernert":"IK","opphav":"DSB","informasjon":""},"geometry":{"type":"Point","coordinates":[6.271886,62.638743]}},
    {"type":"Feature","id":"brannstasjon.539","properties":{"id":"brannstasjon.539","brannstasjon":"Søvik","brannvesen":"Ålesund brannvesen KF","stasjonstype":"L","kasernert":"IK","opphav":"DSB","informasjon":""},"geometry":{"type":"Point","coordinates":[6.281181,62.546322]}},
    {"type":"Feature","id":"brannstasjon.540","properties":{"id":"brannstasjon.540","brannstasjon":"Vatne","brannvesen":"Ålesund brannvesen KF","stasjonstype":"L","kasernert":"IK","opphav":"DSB","informasjon":""},"geometry":{"type":"Point","coordinates":[6.597726,62.548462]}},
    {"type":"Feature","id":"brannstasjon.541","properties":{"id":"brannstasjon.541","brannstasjon":"Sjøholt","brannvesen":"Ålesund brannvesen KF","stasjonstype":"H","kasernert":"IK","opphav":"DSB","informasjon":""},"geometry":{"type":"Point","coordinates":[6.833326,62.482762]}},
    {"type":"Feature","id":"brannstasjon.542","properties":{"id":"brannstasjon.542","brannstasjon":"Brekstad","brannvesen":"Fosen Brann og Redningstjeneste IKS","stasjonstype":"H","kasernert":"IK","opphav":"DSB","informasjon":""},"geometry":{"type":"Point","coordinates":[9.667767,63.693693]}},
    {"type":"Feature","id":"brannstasjon.543","properties":{"id":"brannstasjon.543","brannstasjon":"Schancheholen","brannvesen":"Rogaland brann og redning IKS","stasjonstype":"H","kasernert":"DN","opphav":"DSB","informasjon":""},"geometry":{"type":"Point","coordinates":[5.720214,58.953436]}},
    {"type":"Feature","id":"brannstasjon.544","properties":{"id":"brannstasjon.544","brannstasjon":"Lenangen","brannvesen":"Lyngenfjord brann og redning","stasjonstype":"L","kasernert":"IK","opphav":"DSB","informasjon":""},"geometry":{"type":"Point","coordinates":[20.173721,69.901775]}},
    {"type":"Feature","id":"brannstasjon.545","properties":{"id":"brannstasjon.545","brannstasjon":"Statland","brannvesen":"Namsos brann og redning","stasjonstype":"L","kasernert":"IK","opphav":"DSB","informasjon":""},"geometry":{"type":"Point","coordinates":[11.148286,64.495624]}},
    {"type":"Feature","id":"brannstasjon.546","properties":{"id":"brannstasjon.546","brannstasjon":"Rysstad","brannvesen":"Setesdal Brannvesen IKS","stasjonstype":"L","kasernert":"IK","opphav":"DSB","informasjon":""},"geometry":{"type":"Point","coordinates":[7.549345,59.082236]}},
    {"type":"Feature","id":"brannstasjon.547","properties":{"id":"brannstasjon.547","brannstasjon":"Drag","brannvesen":"Salten Brann IKS","stasjonstype":"L","kasernert":"IK","opphav":"DSB","informasjon":""},"geometry":{"type":"Point","coordinates":[16.07492,68.046248]}},
    {"type":"Feature","id":"brannstasjon.548","properties":{"id":"brannstasjon.548","brannstasjon":"Våg","brannvesen":"Salten Brann IKS","stasjonstype":"L","kasernert":"IK","opphav":"DSB","informasjon":""},"geometry":{"type":"Point","coordinates":[14.078218,67.135449]}},
    {"type":"Feature","id":"brannstasjon.549","properties":{"id":"brannstasjon.549","brannstasjon":"Nygårdsjøen","brannvesen":"Salten Brann IKS","stasjonstype":"L","kasernert":"IK","opphav":"DSB","informasjon":""},"geometry":{"type":"Point","coordinates":[14.304476,67.101115]}},
    {"type":"Feature","id":"brannstasjon.550","properties":{"id":"brannstasjon.550","brannstasjon":"Fana","brannvesen":"Bergen brannvesen","stasjonstype":"L","kasernert":"DN","opphav":"DSB","informasjon":""},"geometry":{"type":"Point","coordinates":[5.326589,60.290586]}},
    {"type":"Feature","id":"brannstasjon.551","properties":{"id":"brannstasjon.551","brannstasjon":"Varangerbotn","brannvesen":"Nesseby brannvesen","stasjonstype":"H","kasernert":"IK","opphav":"DSB","informasjon":""},"geometry":{"type":"Point","coordinates":[28.570891,70.163764]}},
    {"type":"Feature","id":"brannstasjon.552","properties":{"id":"brannstasjon.552","brannstasjon":"Sentrum","brannvesen":"Oslo brann- og redningsetat","stasjonstype":"H","kasernert":"DN","opphav":"DSB","informasjon":""},"geometry":{"type":"Point","coordinates":[10.745224,59.906758]}},
    {"type":"Feature","id":"brannstasjon.553","properties":{"id":"brannstasjon.553","brannstasjon":"Flisa","brannvesen":"Midt-Hedmark brann-og redningsvesen IKS","stasjonstype":"H","kasernert":"IK","opphav":"DSB","informasjon":""},"geometry":{"type":"Point","coordinates":[12.019961,60.61338]}},
    {"type":"Feature","id":"brannstasjon.554","properties":{"id":"brannstasjon.554","brannstasjon":"Bamble","brannvesen":"Grenland brann og redning IKS","stasjonstype":"H","kasernert":"DN","opphav":"DSB","informasjon":""},"geometry":{"type":"Point","coordinates":[9.706387,59.032998]}},
    {"type":"Feature","id":"brannstasjon.555","properties":{"id":"brannstasjon.555","brannstasjon":"Nesodden","brannvesen":"Follo brannvesen IKS","stasjonstype":"L","kasernert":"DA","opphav":"DSB","informasjon":""},"geometry":{"type":"Point","coordinates":[10.651154,59.842586]}},
    {"type":"Feature","id":"brannstasjon.556","properties":{"id":"brannstasjon.556","brannstasjon":"Bergset","brannvesen":"Midt-Hedmark brann-og redningsvesen IKS","stasjonstype":"L","kasernert":"IK","opphav":"DSB","informasjon":""},"geometry":{"type":"Point","coordinates":[11.076685,61.889919]}},
    {"type":"Feature","id":"brannstasjon.557","properties":{"id":"brannstasjon.557","brannstasjon":"Såner","brannvesen":"Mosseregionen","stasjonstype":"L","kasernert":"DA","opphav":"DSB","informasjon":""},"geometry":{"type":"Point","coordinates":[10.750862,59.530915]}},
    {"type":"Feature","id":"brannstasjon.558","properties":{"id":"brannstasjon.558","brannstasjon":"Kvinesdal","brannvesen":"Brannvesenet Sør IKS","stasjonstype":"L","kasernert":"IK","opphav":"DSB","informasjon":""},"geometry":{"type":"Point","coordinates":[6.968461,58.323614]}},
    {"type":"Feature","id":"brannstasjon.559","properties":{"id":"brannstasjon.559","brannstasjon":"Gvarv","brannvesen":"Midt-Telemark Brann- og Redningstjeneste","stasjonstype":"L","kasernert":"IK","opphav":"DSB","informasjon":""},"geometry":{"type":"Point","coordinates":[9.180092,59.388875]}},
    {"type":"Feature","id":"brannstasjon.560","properties":{"id":"brannstasjon.560","brannstasjon":"Varmen","brannvesen":"Rogaland brann og redning IKS","stasjonstype":"H","kasernert":"DN","opphav":"DSB","informasjon":""},"geometry":{"type":"Point","coordinates":[5.76003,58.966094]}},
    {"type":"Feature","id":"brannstasjon.561","properties":{"id":"brannstasjon.561","brannstasjon":"Bismo","brannvesen":"Sel, Vågå, Lom og Skjåk","stasjonstype":"H","kasernert":"IK","opphav":"DSB","informasjon":""},"geometry":{"type":"Point","coordinates":[8.267442,61.881779]}},
    {"type":"Feature","id":"brannstasjon.562","properties":{"id":"brannstasjon.562","brannstasjon":"Bø","brannvesen":"Midt-Telemark Brann- og Redningstjeneste","stasjonstype":"L","kasernert":"IK","opphav":"DSB","informasjon":""},"geometry":{"type":"Point","coordinates":[9.085469,59.410212]}},
    {"type":"Feature","id":"brannstasjon.563","properties":{"id":"brannstasjon.563","brannstasjon":"Ranheim","brannvesen":"Trøndelag brann- og redningstjeneste IKS","stasjonstype":"L","kasernert":"DN","opphav":"DSB","informasjon":""},"geometry":{"type":"Point","coordinates":[10.515401,63.426613]}},
    {"type":"Feature","id":"brannstasjon.564","properties":{"id":"brannstasjon.564","brannstasjon":"Sørvær","brannvesen":"Salten Brann IKS","stasjonstype":"L","kasernert":"IK","opphav":"DSB","informasjon":""},"geometry":{"type":"Point","coordinates":[13.903523,67.406275]}},
    {"type":"Feature","id":"brannstasjon.565","properties":{"id":"brannstasjon.565","brannstasjon":"Dombås","brannvesen":"Lesja og Dovre brannvesen","stasjonstype":"H","kasernert":"IK","opphav":"DSB","informasjon":""},"geometry":{"type":"Point","coordinates":[9.112293,62.088672]}},
    {"type":"Feature","id":"brannstasjon.566","properties":{"id":"brannstasjon.566","brannstasjon":"Lesjaskog","brannvesen":"Lesja og Dovre brannvesen","stasjonstype":"L","kasernert":"IK","opphav":"DSB","informasjon":""},"geometry":{"type":"Point","coordinates":[8.368342,62.23127]}},
    {"type":"Feature","id":"brannstasjon.567","properties":{"id":"brannstasjon.567","brannstasjon":"Bogen","brannvesen":"Evenes og Tjeldsund brann og redning","stasjonstype":"L","kasernert":"IK","opphav":"DSB","informasjon":""},"geometry":{"type":"Point","coordinates":[16.992024,68.525776]}},
    {"type":"Feature","id":"brannstasjon.568","properties":{"id":"brannstasjon.568","brannstasjon":"Kirkenær","brannvesen":"Glåmdal","stasjonstype":"L","kasernert":"IK","opphav":"DSB","informasjon":""},"geometry":{"type":"Point","coordinates":[12.060644,60.457921]}},
    {"type":"Feature","id":"brannstasjon.569","properties":{"id":"brannstasjon.569","brannstasjon":"Skjærhallen","brannvesen":"Fredrikstad brann- og redningskorps","stasjonstype":"H","kasernert":"IK","opphav":"DSB","informasjon":""},"geometry":{"type":"Point","coordinates":[11.019557,59.034249]}},
    {"type":"Feature","id":"brannstasjon.570","properties":{"id":"brannstasjon.570","brannstasjon":"Hauge","brannvesen":"Fredrikstad brann- og redningskorps","stasjonstype":"L","kasernert":"IK","opphav":"DSB","informasjon":""},"geometry":{"type":"Point","coordinates":[10.875371,59.105596]}},
    {"type":"Feature","id":"brannstasjon.571","properties":{"id":"brannstasjon.571","brannstasjon":"Bardufoss","brannvesen":"Senja brann og redning","stasjonstype":"H","kasernert":"DN","opphav":"DSB","informasjon":""},"geometry":{"type":"Point","coordinates":[18.532021,69.060139]}},
    {"type":"Feature","id":"brannstasjon.572","properties":{"id":"brannstasjon.572","brannstasjon":"Leknes","brannvesen":"Lofoten brann- og redningsvesen","stasjonstype":"H","kasernert":"IK","opphav":"DSB","informasjon":""},"geometry":{"type":"Point","coordinates":[13.621884,68.151094]}},
    {"type":"Feature","id":"brannstasjon.573","properties":{"id":"brannstasjon.573","brannstasjon":"Sandnes","brannvesen":"Gulen og Masfjorden brann og redning","stasjonstype":"L","kasernert":"IK","opphav":"DSB","informasjon":""},"geometry":{"type":"Point","coordinates":[5.295919,60.792131]}},
    {"type":"Feature","id":"brannstasjon.574","properties":{"id":"brannstasjon.574","brannstasjon":"Mo","brannvesen":"Nordhordland brann og redning","stasjonstype":"H","kasernert":"IK","opphav":"DSB","informasjon":""},"geometry":{"type":"Point","coordinates":[5.817691,60.817778]}},
    {"type":"Feature","id":"brannstasjon.575","properties":{"id":"brannstasjon.575","brannstasjon":"Karasjok","brannvesen":"Karasjok brannvesen","stasjonstype":"H","kasernert":"IK","opphav":"DSB","informasjon":""},"geometry":{"type":"Point","coordinates":[25.526286,69.472202]}},
    {"type":"Feature","id":"brannstasjon.576","properties":{"id":"brannstasjon.576","brannstasjon":"Lysøysundet","brannvesen":"Fosen Brann og Redningstjeneste IKS","stasjonstype":"L","kasernert":"IK","opphav":"DSB","informasjon":""},"geometry":{"type":"Point","coordinates":[9.878111,63.883818]}},
    {"type":"Feature","id":"brannstasjon.577","properties":{"id":"brannstasjon.577","brannstasjon":"Hareide","brannvesen":"Hareid og Ulstein brannvesen","stasjonstype":"L","kasernert":"IK","opphav":"DSB","informasjon":""},"geometry":{"type":"Point","coordinates":[6.014067,62.368542]}},
    {"type":"Feature","id":"brannstasjon.578","properties":{"id":"brannstasjon.578","brannstasjon":"Judaberg","brannvesen":"Rogaland brann og redning IKS","stasjonstype":"H","kasernert":"IK","opphav":"DSB","informasjon":""},"geometry":{"type":"Point","coordinates":[5.874544,59.165389]}},
    {"type":"Feature","id":"brannstasjon.579","properties":{"id":"brannstasjon.579","brannstasjon":"Vikevåg","brannvesen":"Rogaland brann og redning IKS","stasjonstype":"L","kasernert":"IK","opphav":"DSB","informasjon":""},"geometry":{"type":"Point","coordinates":[5.69998,59.105024]}},
    {"type":"Feature","id":"brannstasjon.580","properties":{"id":"brannstasjon.580","brannstasjon":"Birkenes","brannvesen":"Kristiansandsregionen BR","stasjonstype":"L","kasernert":"IK","opphav":"DSB","informasjon":""},"geometry":{"type":"Point","coordinates":[8.221386,58.331939]}},
    {"type":"Feature","id":"brannstasjon.581","properties":{"id":"brannstasjon.581","brannstasjon":"Brekken","brannvesen":"Rørosregionen brann og redning","stasjonstype":"L","kasernert":"IK","opphav":"DSB","informasjon":""},"geometry":{"type":"Point","coordinates":[11.864413,62.646795]}},
    {"type":"Feature","id":"brannstasjon.582","properties":{"id":"brannstasjon.582","brannstasjon":"Utsira","brannvesen":"Haugaland brann og redning IKS","stasjonstype":"H","kasernert":"IK","opphav":"DSB","informasjon":""},"geometry":{"type":"Point","coordinates":[4.891716,59.303089]}},
    {"type":"Feature","id":"brannstasjon.583","properties":{"id":"brannstasjon.583","brannstasjon":"Førde","brannvesen":"Haugaland brann og redning IKS","stasjonstype":"L","kasernert":"IK","opphav":"DSB","informasjon":""},"geometry":{"type":"Point","coordinates":[5.469805,59.607185]}},
    {"type":"Feature","id":"brannstasjon.584","properties":{"id":"brannstasjon.584","brannstasjon":"Åkra","brannvesen":"Haugaland brann og redning IKS","stasjonstype":"L","kasernert":"IK","opphav":"DSB","informasjon":""},"geometry":{"type":"Point","coordinates":[5.188654,59.260885]}},
    {"type":"Feature","id":"brannstasjon.585","properties":{"id":"brannstasjon.585","brannstasjon":"Sand","brannvesen":"Suldal brann og redning","stasjonstype":"H","kasernert":"IK","opphav":"DSB","informasjon":""},"geometry":{"type":"Point","coordinates":[6.271136,59.481974]}},
    {"type":"Feature","id":"brannstasjon.586","properties":{"id":"brannstasjon.586","brannstasjon":"Eiken","brannvesen":"Brannvesenet Sør IKS","stasjonstype":"L","kasernert":"IK","opphav":"DSB","informasjon":""},"geometry":{"type":"Point","coordinates":[7.232058,58.459952]}},
    {"type":"Feature","id":"brannstasjon.587","properties":{"id":"brannstasjon.587","brannstasjon":"Hjønnevåg","brannvesen":"Solund Brannvern","stasjonstype":"L","kasernert":"IK","opphav":"DSB","informasjon":""},"geometry":{"type":"Point","coordinates":[4.658163,61.037716]}},
    {"type":"Feature","id":"brannstasjon.588","properties":{"id":"brannstasjon.588","brannstasjon":"Os","brannvesen":"Bjørnafjorden brann- og redningsvesen","stasjonstype":"H","kasernert":"DA","opphav":"DSB","informasjon":""},"geometry":{"type":"Point","coordinates":[5.452116,60.182089]}},
    {"type":"Feature","id":"brannstasjon.589","properties":{"id":"brannstasjon.589","brannstasjon":"Kyrksæterøra","brannvesen":"Heim brann- og redningsvesen","stasjonstype":"H","kasernert":"IK","opphav":"DSB","informasjon":""},"geometry":{"type":"Point","coordinates":[9.060568,63.29504]}},
    {"type":"Feature","id":"brannstasjon.590","properties":{"id":"brannstasjon.590","brannstasjon":"Salsnes","brannvesen":"Namsos brann og redning","stasjonstype":"L","kasernert":"IK","opphav":"DSB","informasjon":""},"geometry":{"type":"Point","coordinates":[11.448846,64.698155]}},
    {"type":"Feature","id":"brannstasjon.591","properties":{"id":"brannstasjon.591","brannstasjon":"Sætran","brannvesen":"Nordmøre BR","stasjonstype":"H","kasernert":"IK","opphav":"DSB","informasjon":""},"geometry":{"type":"Point","coordinates":[8.059429,63.455646]}},
    {"type":"Feature","id":"brannstasjon.592","properties":{"id":"brannstasjon.592","brannstasjon":"Rørvik","brannvesen":"Nærøysund brannvesen","stasjonstype":"H","kasernert":"IK","opphav":"DSB","informasjon":""},"geometry":{"type":"Point","coordinates":[11.246682,64.865249]}},
    {"type":"Feature","id":"brannstasjon.593","properties":{"id":"brannstasjon.593","brannstasjon":"Selva","brannvesen":"Brann og redning Orkland","stasjonstype":"L","kasernert":"IK","opphav":"DSB","informasjon":""},"geometry":{"type":"Point","coordinates":[9.683761,63.612144]}},
    {"type":"Feature","id":"brannstasjon.594","properties":{"id":"brannstasjon.594","brannstasjon":"Solli","brannvesen":"Senja brann og redning","stasjonstype":"L","kasernert":"IK","opphav":"DSB","informasjon":""},"geometry":{"type":"Point","coordinates":[17.76576,69.191237]}},
    {"type":"Feature","id":"brannstasjon.595","properties":{"id":"brannstasjon.595","brannstasjon":"Stonglandseidet","brannvesen":"Senja brann og redning","stasjonstype":"L","kasernert":"IK","opphav":"DSB","informasjon":""},"geometry":{"type":"Point","coordinates":[17.170362,69.078478]}},
    {"type":"Feature","id":"brannstasjon.596","properties":{"id":"brannstasjon.596","brannstasjon":"Eid","brannvesen":"Stad brannvesen","stasjonstype":"H","kasernert":"IK","opphav":"DSB","informasjon":""},"geometry":{"type":"Point","coordinates":[5.999136,61.902604]}},
    {"type":"Feature","id":"brannstasjon.597","properties":{"id":"brannstasjon.597","brannstasjon":"Sande","brannvesen":"Vestfold Interkommunale Brannvesen IKS","stasjonstype":"L","kasernert":"IK","opphav":"DSB","informasjon":""},"geometry":{"type":"Point","coordinates":[10.208021,59.584751]}},
    {"type":"Feature","id":"brannstasjon.598","properties":{"id":"brannstasjon.598","brannstasjon":"Hornindal","brannvesen":"Volda brann og redning","stasjonstype":"H","kasernert":"IK","opphav":"DSB","informasjon":""},"geometry":{"type":"Point","coordinates":[6.516988,61.972001]}},
    {"type":"Feature","id":"brannstasjon.599","properties":{"id":"brannstasjon.599","brannstasjon":"Steinshamn","brannvesen":"Ålesund brannvesen KF","stasjonstype":"H","kasernert":"IK","opphav":"DSB","informasjon":""},"geometry":{"type":"Point","coordinates":[6.472373,62.780589]}},
    {"type":"Feature","id":"brannstasjon.600","properties":{"id":"brannstasjon.600","brannstasjon":"Rømskog","brannvesen":"Nedre Romerike BR","stasjonstype":"L","kasernert":"IK","opphav":"DSB","informasjon":""},"geometry":{"type":"Point","coordinates":[11.817631,59.748508]}},
    {"type":"Feature","id":"brannstasjon.601","properties":{"id":"brannstasjon.601","brannstasjon":"Hasvik","brannvesen":"Hasvik brann og redning","stasjonstype":"H","kasernert":"IK","opphav":"DSB","informasjon":""},"geometry":{"type":"Point","coordinates":[22.148914,70.486444]}},
    {"type":"Feature","id":"brannstasjon.602","properties":{"id":"brannstasjon.602","brannstasjon":"Breivikbotn","brannvesen":"Hasvik brann og redning","stasjonstype":"L","kasernert":"IK","opphav":"DSB","informasjon":""},"geometry":{"type":"Point","coordinates":[22.300214,70.592309]}},
    {"type":"Feature","id":"brannstasjon.603","properties":{"id":"brannstasjon.603","brannstasjon":"Sørvær","brannvesen":"Hasvik brann og redning","stasjonstype":"L","kasernert":"IK","opphav":"DSB","informasjon":""},"geometry":{"type":"Point","coordinates":[21.985381,70.63074]}},
    {"type":"Feature","id":"brannstasjon.604","properties":{"id":"brannstasjon.604","brannstasjon":"Kokelv","brannvesen":"Hammerfest brann og redning","stasjonstype":"L","kasernert":"IK","opphav":"DSB","informasjon":""},"geometry":{"type":"Point","coordinates":[24.646402,70.614062]}},
    {"type":"Feature","id":"brannstasjon.605","properties":{"id":"brannstasjon.605","brannstasjon":"Maze","brannvesen":"Brannvesenet i Kautokeino","stasjonstype":"L","kasernert":"IK","opphav":"DSB","informasjon":""},"geometry":{"type":"Point","coordinates":[23.674423,69.448643]}},
    {"type":"Feature","id":"brannstasjon.606","properties":{"id":"brannstasjon.606","brannstasjon":"Husøy","brannvesen":"Senja brann og redning","stasjonstype":"L","kasernert":"IK","opphav":"DSB","informasjon":""},"geometry":{"type":"Point","coordinates":[17.659819,69.543889]}},
    {"type":"Feature","id":"brannstasjon.607","properties":{"id":"brannstasjon.607","brannstasjon":"Fjordgård","brannvesen":"Senja brann og redning","stasjonstype":"L","kasernert":"IK","opphav":"DSB","informasjon":""},"geometry":{"type":"Point","coordinates":[17.629727,69.507241]}},
    {"type":"Feature","id":"brannstasjon.608","properties":{"id":"brannstasjon.608","brannstasjon":"Korvikhamn","brannvesen":"Senja brann og redning","stasjonstype":"L","kasernert":"IK","opphav":"DSB","informasjon":""},"geometry":{"type":"Point","coordinates":[18.156403,69.397791]}},
    {"type":"Feature","id":"brannstasjon.609","properties":{"id":"brannstasjon.609","brannstasjon":"Flesnes","brannvesen":"Harstad brann og redning","stasjonstype":"L","kasernert":"IK","opphav":"DSB","informasjon":""},"geometry":{"type":"Point","coordinates":[15.939827,68.68289]}},
    {"type":"Feature","id":"brannstasjon.610","properties":{"id":"brannstasjon.610","brannstasjon":"Birtavare","brannvesen":"Lyngenfjord brann og redning","stasjonstype":"L","kasernert":"IK","opphav":"DSB","informasjon":""},"geometry":{"type":"Point","coordinates":[20.835722,69.493105]}},
    {"type":"Feature","id":"brannstasjon.611","properties":{"id":"brannstasjon.611","brannstasjon":"Enge","brannvesen":"Heim brann- og redningsvesen","stasjonstype":"L","kasernert":"IK","opphav":"DSB","informasjon":""},"geometry":{"type":"Point","coordinates":[8.557965,63.124859]}},
    {"type":"Feature","id":"brannstasjon.612","properties":{"id":"brannstasjon.612","brannstasjon":"Halsanaustan","brannvesen":"Heim brann- og redningsvesen","stasjonstype":"L","kasernert":"IK","opphav":"DSB","informasjon":""},"geometry":{"type":"Point","coordinates":[8.25588,63.070897]}},
    {"type":"Feature","id":"brannstasjon.613","properties":{"id":"brannstasjon.613","brannstasjon":"Tufsingdal","brannvesen":"Rørosregionen brann og redning","stasjonstype":"L","kasernert":"IK","opphav":"DSB","informasjon":""},"geometry":{"type":"Point","coordinates":[11.735491,62.286551]}},
    {"type":"Feature","id":"brannstasjon.614","properties":{"id":"brannstasjon.614","brannstasjon":"Sørli","brannvesen":"Brannvesenet Midt IKS","stasjonstype":"L","kasernert":"IK","opphav":"DSB","informasjon":""},"geometry":{"type":"Point","coordinates":[13.831112,64.22389]}},
    {"type":"Feature","id":"brannstasjon.615","properties":{"id":"brannstasjon.615","brannstasjon":"Kvikne","brannvesen":"Midt-Hedmark brann-og redningsvesen IKS","stasjonstype":"L","kasernert":"IK","opphav":"DSB","informasjon":""},"geometry":{"type":"Point","coordinates":[10.325124,62.564467]}},
    {"type":"Feature","id":"brannstasjon.616","properties":{"id":"brannstasjon.616","brannstasjon":"Vannareid","brannvesen":"Tromsø og Karlsøy","stasjonstype":"L","kasernert":"IK","opphav":"DSB","informasjon":""},"geometry":{"type":"Point","coordinates":[19.607999,70.199461]}},
    {"type":"Feature","id":"brannstasjon.617","properties":{"id":"brannstasjon.617","brannstasjon":"Espevær","brannvesen":"Bømlo brann og redning","stasjonstype":"L","kasernert":"IK","opphav":"DSB","informasjon":""},"geometry":{"type":"Point","coordinates":[5.150844,59.590408]}},
    {"type":"Feature","id":"brannstasjon.618","properties":{"id":"brannstasjon.618","brannstasjon":"Huglo","brannvesen":"Stord brann og redning","stasjonstype":"L","kasernert":"IK","opphav":"DSB","informasjon":""},"geometry":{"type":"Point","coordinates":[5.570546,59.851751]}},
    {"type":"Feature","id":"brannstasjon.619","properties":{"id":"brannstasjon.619","brannstasjon":"Viksdalen","brannvesen":"Sunnfjord brann- og feiervesen","stasjonstype":"L","kasernert":"IK","opphav":"DSB","informasjon":""},"geometry":{"type":"Point","coordinates":[6.104469,61.349212]}},
    {"type":"Feature","id":"brannstasjon.620","properties":{"id":"brannstasjon.620","brannstasjon":"Lavik","brannvesen":"Høyanger brannvesen","stasjonstype":"L","kasernert":"IK","opphav":"DSB","informasjon":""},"geometry":{"type":"Point","coordinates":[5.49377,61.108045]}},
    {"type":"Feature","id":"brannstasjon.621","properties":{"id":"brannstasjon.621","brannstasjon":"Bjordal","brannvesen":"Høyanger brannvesen","stasjonstype":"L","kasernert":"IK","opphav":"DSB","informasjon":""},"geometry":{"type":"Point","coordinates":[5.832767,61.077387]}},
    {"type":"Feature","id":"brannstasjon.622","properties":{"id":"brannstasjon.622","brannstasjon":"Berle","brannvesen":"Bremanger brannvern","stasjonstype":"L","kasernert":"IK","opphav":"DSB","informasjon":""},"geometry":{"type":"Point","coordinates":[5.12242,61.835313]}},
    {"type":"Feature","id":"brannstasjon.623","properties":{"id":"brannstasjon.623","brannstasjon":"Åheim","brannvesen":"Vanylven Brannvern","stasjonstype":"L","kasernert":"IK","opphav":"DSB","informasjon":""},"geometry":{"type":"Point","coordinates":[5.518931,62.040979]}},
    {"type":"Feature","id":"brannstasjon.624","properties":{"id":"brannstasjon.624","brannstasjon":"Vassøy","brannvesen":"Rogaland brann og redning IKS","stasjonstype":"L","kasernert":"IK","opphav":"DSB","informasjon":""},"geometry":{"type":"Point","coordinates":[5.786535,58.997412]}},
    {"type":"Feature","id":"brannstasjon.625","properties":{"id":"brannstasjon.625","brannstasjon":"Vigmostad","brannvesen":"Brannvesenet Sør IKS","stasjonstype":"L","kasernert":"IK","opphav":"DSB","informasjon":""},"geometry":{"type":"Point","coordinates":[7.340005,58.201262]}},
    {"type":"Feature","id":"brannstasjon.626","properties":{"id":"brannstasjon.626","brannstasjon":"Bjelland","brannvesen":"Brannvesenet Sør IKS","stasjonstype":"L","kasernert":"IK","opphav":"DSB","informasjon":""},"geometry":{"type":"Point","coordinates":[7.528239,58.383994]}},
    {"type":"Feature","id":"brannstasjon.627","properties":{"id":"brannstasjon.627","brannstasjon":"Finsland","brannvesen":"Kristiansandsregionen BR","stasjonstype":"L","kasernert":"IK","opphav":"DSB","informasjon":""},"geometry":{"type":"Point","coordinates":[7.65615,58.27072]}},
    {"type":"Feature","id":"brannstasjon.628","properties":{"id":"brannstasjon.628","brannstasjon":"Hægeland","brannvesen":"Kristiansandsregionen BR","stasjonstype":"L","kasernert":"IK","opphav":"DSB","informasjon":""},"geometry":{"type":"Point","coordinates":[7.74945,58.382171]}},
    {"type":"Feature","id":"brannstasjon.629","properties":{"id":"brannstasjon.629","brannstasjon":"Stakkvik","brannvesen":"Tromsø og Karlsøy","stasjonstype":"L","kasernert":"IK","opphav":"DSB","informasjon":""},"geometry":{"type":"Point","coordinates":[19.662603,69.952479]}},
    {"type":"Feature","id":"brannstasjon.630","properties":{"id":"brannstasjon.630","brannstasjon":"Bleik","brannvesen":"Andøy brannvesen","stasjonstype":"L","kasernert":"IK","opphav":"DSB","informasjon":""},"geometry":{"type":"Point","coordinates":[15.957762,69.266493]}},
    {"type":"Feature","id":"brannstasjon.631","properties":{"id":"brannstasjon.631","brannstasjon":"Dverberg","brannvesen":"Andøy brannvesen","stasjonstype":"L","kasernert":"IK","opphav":"DSB","informasjon":""},"geometry":{"type":"Point","coordinates":[15.961445,69.106398]}},
    {"type":"Feature","id":"brannstasjon.632","properties":{"id":"brannstasjon.632","brannstasjon":"Hennes","brannvesen":"Hadsel brann og redning","stasjonstype":"L","kasernert":"IK","opphav":"DSB","informasjon":""},"geometry":{"type":"Point","coordinates":[15.223781,68.531775]}},
    {"type":"Feature","id":"brannstasjon.633","properties":{"id":"brannstasjon.633","brannstasjon":"Lofast","brannvesen":"Hadsel brann og redning","stasjonstype":"L","kasernert":"IK","opphav":"DSB","informasjon":""},"geometry":{"type":"Point","coordinates":[14.814438,68.434635]}},
    {"type":"Feature","id":"brannstasjon.634","properties":{"id":"brannstasjon.634","brannstasjon":"Laukvika","brannvesen":"Vågan brannvesen","stasjonstype":"L","kasernert":"IK","opphav":"DSB","informasjon":""},"geometry":{"type":"Point","coordinates":[14.418718,68.38856]}},
    {"type":"Feature","id":"brannstasjon.635","properties":{"id":"brannstasjon.635","brannstasjon":"Sør-Arnøy","brannvesen":"Salten Brann IKS","stasjonstype":"L","kasernert":"IK","opphav":"DSB","informasjon":""},"geometry":{"type":"Point","coordinates":[13.971973,67.141045]}},
    {"type":"Feature","id":"brannstasjon.636","properties":{"id":"brannstasjon.636","brannstasjon":"Hydro Aluminium","brannvesen":"Haugaland brann og redning IKS","stasjonstype":"L","kasernert":"IK","opphav":"DSB","informasjon":""},"geometry":{"type":"Point","coordinates":[5.310619,59.312599]}},
    {"type":"Feature","id":"brannstasjon.637","properties":{"id":"brannstasjon.637","brannstasjon":"Kjeller","brannvesen":"Nedre Romerike BR","stasjonstype":"L","kasernert":"IK","opphav":"DSB","informasjon":""},"geometry":{"type":"Point","coordinates":[11.041202,59.971081]}},
    {"type":"Feature","id":"brannstasjon.638","properties":{"id":"brannstasjon.638","brannstasjon":"OSL Gardermoen","brannvesen":"Øvre Romerike brann og redning IKS","stasjonstype":"L","kasernert":"IK","opphav":"DSB","informasjon":""},"geometry":{"type":"Point","coordinates":[11.108633,60.190389]}},
    {"type":"Feature","id":"brannstasjon.639","properties":{"id":"brannstasjon.639","brannstasjon":"Raglamyr","brannvesen":"Haugaland brann og redning IKS","stasjonstype":"H","kasernert":"DN","opphav":"BDO","informasjon":""},"geometry":{"type":"Point","coordinates":[5.332889,59.390894]}}
  ]
}
